股票代码,申万二级行业
000001,银行
000002,房地产开发Ⅱ
000004,化学制药
000005,环保工程及服务
000006,房地产开发Ⅱ
000007,商业物业经营
000008,运输设备
000009,综合Ⅱ
000010,园林工程
000011,房地产开发Ⅱ
000012,玻璃制造
000014,房地产开发Ⅱ
000016,视听器材
000017,其他交运设备
000018,专业工程
000019,贸易Ⅱ
000020,电子制造
000021,计算机设备
000023,其他建材
000025,汽车服务
000026,家用轻工
000027,电力
000028,医药商业Ⅱ
000030,汽车零部件
000031,房地产开发Ⅱ
000032,通信设备
000034,计算机应用
000035,环保工程及服务
000036,房地产开发Ⅱ
000037,电力
000038,营销传播
000039,金属制品
000042,房地产开发Ⅱ
000043,房地产开发Ⅱ
000045,光学光电子
000046,房地产开发Ⅱ
000048,饲料Ⅱ
000049,电子制造
000050,光学光电子
000055,专业工程
000056,商业物业经营
000058,商业物业经营
000059,石油化工
000060,工业金属
000061,商业物业经营
000062,其他电子
000063,通信设备
000065,专业工程
000066,计算机设备
000068,环保工程及服务
000069,房地产开发Ⅱ
000070,通信设备
000078,医药商业Ⅱ
000088,港口Ⅱ
000089,机场Ⅱ
000090,房地产开发Ⅱ
000096,石油化工
000099,航空运输Ⅱ
000100,光学光电子
000150,医疗服务Ⅱ
000151,贸易Ⅱ
000153,化学制药
000155,电力
000156,文化传媒
000157,专用设备
000158,计算机应用
000159,石油化工
000166,证券
000301,化学纤维
000333,白色家电
000338,汽车零部件
000400,电气自动化设备
000401,水泥制造
000402,房地产开发Ⅱ
000403,生物制品Ⅱ
000404,白色家电
000407,燃气Ⅱ
000408,化学制品
000409,综合Ⅱ
000410,通用机械
000415,多元金融
000416,多元金融
000417,一般零售
000419,一般零售
000420,化学纤维
000421,燃气Ⅱ
000422,化学原料
000423,中药Ⅱ
000425,专用设备
000426,工业金属
000428,酒店Ⅱ
000429,高速公路Ⅱ
000430,景点
000488,造纸Ⅱ
000498,基础建设
000501,一般零售
000502,房地产开发Ⅱ
000503,医疗服务Ⅱ
000504,生物制品Ⅱ
000505,农产品加工
000506,黄金
000507,港口Ⅱ
000509,医疗服务Ⅱ
000510,化学原料
000513,化学制药
000514,房地产开发Ⅱ
000517,房地产开发Ⅱ
000518,生物制品Ⅱ
000519,地面兵装
000520,航运Ⅱ
000521,白色家电
000523,化学制品
000524,旅游综合Ⅱ
000525,化学制品
000526,文化传媒
000528,专用设备
000529,文化传媒
000530,通用机械
000531,电力
000532,多元金融
000533,高低压设备
000534,生物制品Ⅱ
000536,光学光电子
000537,房地产开发Ⅱ
000538,中药Ⅱ
000539,电力
000540,房地产开发Ⅱ
000541,光学光电子
000543,电力
000544,水务Ⅱ
000545,化学制品
000546,水泥制造
000547,地面兵装
000548,高速公路Ⅱ
000550,汽车整车
000551,专用设备
000552,煤炭开采Ⅱ
000553,化学制品
000554,石油化工
000555,计算机应用
000557,铁路运输Ⅱ
000558,房地产开发Ⅱ
000559,汽车零部件
000560,房地产开发Ⅱ
000561,通信设备
000563,多元金融
000564,一般零售
000565,化学制品
000566,化学制药
000567,多元金融
000568,饮料制造
000570,通用机械
000571,煤炭开采Ⅱ
000572,汽车整车
000573,房地产开发Ⅱ
000576,综合Ⅱ
000581,汽车零部件
000582,港口Ⅱ
000584,专用设备
000585,高低压设备
000586,通信设备
000587,家用轻工
000589,橡胶
000590,中药Ⅱ
000591,电力
000592,林业Ⅱ
000593,燃气Ⅱ
000595,通用机械
000596,饮料制造
000598,水务Ⅱ
000599,橡胶
000600,电力
000601,电力
000603,工业金属
000605,水务Ⅱ
000606,计算机应用
000607,营销传播
000608,房地产开发Ⅱ
000609,房地产开发Ⅱ
000611,纺织制造
000612,工业金属
000613,酒店Ⅱ
000615,房地产开发Ⅱ
000616,房地产开发Ⅱ
000617,多元金融
000619,其他建材
000620,房地产开发Ⅱ
000622,汽车零部件
000623,化学制药
000625,汽车整车
000626,贸易Ⅱ
000627,保险
000628,综合Ⅱ
000629,稀有金属
000630,工业金属
000631,房地产开发Ⅱ
000632,房地产开发Ⅱ
000633,金属非金属新材料
000635,化学原料
000636,元件Ⅱ
000637,石油化工
000638,医疗服务Ⅱ
000639,食品加工
000650,中药Ⅱ
000651,白色家电
000652,综合Ⅱ
000655,其他采掘Ⅱ
000656,房地产开发Ⅱ
000657,稀有金属
000659,包装印刷Ⅱ
000661,生物制品Ⅱ
000662,计算机应用
000663,家用轻工
000665,文化传媒
000666,多元金融
000667,房地产开发Ⅱ
000668,房地产开发Ⅱ
000669,燃气Ⅱ
000670,半导体
000671,房地产开发Ⅱ
000672,水泥制造
000673,文化传媒
000676,互联网传媒
000677,化学纤维
000678,汽车零部件
000679,一般零售
000680,专用设备
000681,文化传媒
000682,电气自动化设备
000683,化学原料
000685,水务Ⅱ
000686,证券
000687,航空装备
000688,工业金属
000690,电力
000691,房地产开发Ⅱ
000692,电力
000695,包装印刷Ⅱ
000697,航空装备
000698,石油化工
000700,汽车零部件
000701,贸易Ⅱ
000702,饲料Ⅱ
000703,化学纤维
000705,医药商业Ⅱ
000707,化学原料
000708,钢铁
000709,钢铁
000710,医疗器械Ⅱ
000711,环保工程及服务
000712,证券
000713,种植业
000715,一般零售
000716,食品加工
000717,钢铁
000718,房地产开发Ⅱ
000719,文化传媒
000720,房地产开发Ⅱ
000722,电力
000723,煤炭开采Ⅱ
000725,光学光电子
000726,纺织制造
000727,光学光电子
000728,证券
000729,饮料制造
000731,化学制品
000732,房地产开发Ⅱ
000733,元件Ⅱ
000735,畜禽养殖
000736,房地产开发Ⅱ
000737,化学原料
000738,航空装备
000739,化学制药
000750,证券
000751,工业金属
000752,饮料制造
000753,汽车服务
000755,高速公路Ⅱ
000756,化学制药
000757,汽车零部件
000759,一般零售
000760,汽车零部件
000761,钢铁
000762,稀有金属
000766,化学制药
000767,电力
000768,航空装备
000776,证券
000777,通用机械
000778,钢铁
000779,基础建设
000780,煤炭开采Ⅱ
000782,化学纤维
000783,证券
000785,一般零售
000786,其他建材
000788,化学制药
000789,水泥制造
000790,中药Ⅱ
000791,电力
000792,化学制品
000793,文化传媒
000795,金属非金属新材料
000796,旅游综合Ⅱ
000797,房地产开发Ⅱ
000798,渔业
000799,饮料制造
000800,汽车整车
000801,视听器材
000802,文化传媒
000803,电源设备
000806,高低压设备
000807,工业金属
000809,房地产开发Ⅱ
000810,视听器材
000811,通用机械
000812,包装印刷Ⅱ
000813,化学制药
000815,造纸Ⅱ
000816,通用机械
000818,化学原料
000819,石油化工
000820,环保工程及服务
000821,专用设备
000822,化学原料
000823,元件Ⅱ
000825,钢铁
000826,环保工程及服务
000828,高速公路Ⅱ
000829,专业零售
000830,化学制品
000831,稀有金属
000833,其他采掘Ⅱ
000835,互联网传媒
000836,通信设备
000837,通用机械
000838,房地产开发Ⅱ
000839,综合Ⅱ
000848,饮料制造
000850,纺织制造
000851,通信设备
000852,专用设备
000856,专用设备
000858,饮料制造
000859,塑料Ⅱ
000860,饮料制造
000861,商业物业经营
000862,电力
000863,房地产开发Ⅱ
000868,汽车整车
000869,饮料制造
000875,电力
000876,饲料Ⅱ
000877,水泥制造
000878,工业金属
000880,通用机械
000881,化学制品
000882,商业物业经营
000883,电力
000885,高速公路Ⅱ
000886,房地产开发Ⅱ
000887,汽车零部件
000888,景点
000889,通信运营
000890,多元金融
000892,文化传媒
000893,化学制品
000895,食品加工
000897,房地产开发Ⅱ
000898,钢铁
000899,电力
000900,高速公路Ⅱ
000901,仪器仪表
000902,化学制品
000903,汽车零部件
000905,港口Ⅱ
000906,贸易Ⅱ
000908,化学制药
000909,房地产开发Ⅱ
000910,家用轻工
000911,农产品加工
000912,化学制品
000913,其他交运设备
000915,化学制药
000917,文化传媒
000918,房地产开发Ⅱ
000919,化学制药
000920,环保工程及服务
000921,白色家电
000922,电机
000923,其他采掘Ⅱ
000925,运输设备
000926,房地产开发Ⅱ
000927,汽车整车
000928,专业工程
000929,饮料制造
000930,农产品加工
000931,化学制药
000932,钢铁
000933,工业金属
000935,水泥制造
000936,化学纤维
000937,煤炭开采Ⅱ
000938,计算机应用
000948,计算机应用
000949,化学纤维
000950,医药商业Ⅱ
000951,汽车整车
000952,化学制药
000953,化学制品
000955,纺织制造
000957,汽车整车
000958,电力
000959,钢铁
000960,稀有金属
000961,房地产开发Ⅱ
000962,金属非金属新材料
000963,化学制药
000965,房地产开发Ⅱ
000966,电力
000967,环保工程及服务
000968,石油开采Ⅱ
000969,金属非金属新材料
000970,金属非金属新材料
000971,通信设备
000972,农产品加工
000973,塑料Ⅱ
000975,黄金
000976,运输设备
000977,计算机设备
000978,景点
000980,汽车整车
000981,汽车零部件
000982,纺织制造
000983,煤炭开采Ⅱ
000985,化学制品
000987,多元金融
000988,其他电子
000989,中药Ⅱ
000990,化学制品
000993,电力
000996,汽车服务
000997,计算机设备
000998,种植业
000999,中药Ⅱ
001696,汽车零部件
001872,港口Ⅱ
001896,电力
001965,高速公路Ⅱ
001979,房地产开发Ⅱ
002001,化学制药
002002,化学原料
002003,纺织制造
002004,化学制品
002005,光学光电子
002006,专用设备
002007,生物制品Ⅱ
002009,专用设备
002010,物流Ⅱ
002012,造纸Ⅱ
002013,航空装备
002014,包装印刷Ⅱ
002015,电力
002016,房地产开发Ⅱ
002017,通信设备
002019,化学制药
002020,化学制药
002021,专用设备
002022,医疗器械Ⅱ
002023,航空装备
002024,专业零售
002025,航天装备
002026,通用机械
002027,营销传播
002028,电气自动化设备
002029,服装家纺
002030,医疗器械Ⅱ
002031,专用设备
002032,白色家电
002033,旅游综合Ⅱ
002034,环保工程及服务
002035,白色家电
002036,光学光电子
002037,化学制品
002038,生物制品Ⅱ
002039,电力
002040,港口Ⅱ
002041,种植业
002042,纺织制造
002043,其他建材
002044,医疗服务Ⅱ
002045,电子制造
002046,通用机械
002047,装修装饰
002048,汽车零部件
002049,半导体
002050,白色家电
002051,专业工程
002052,视听器材
002053,化学原料
002054,化学制品
002055,电子制造
002056,金属非金属新材料
002057,金属非金属新材料
002058,电气自动化设备
002059,专用设备
002060,基础建设
002061,基础建设
002062,基础建设
002063,计算机应用
002064,化学纤维
002065,计算机应用
002066,其他建材
002067,造纸Ⅱ
002068,橡胶
002069,渔业
002071,营销传播
002072,计算机应用
002073,专用设备
002074,电源设备
002075,钢铁
002076,光学光电子
002077,半导体
002078,造纸Ⅱ
002079,半导体
002080,化学制品
002081,装修装饰
002082,其他建材
002083,纺织制造
002084,家用轻工
002085,汽车零部件
002086,渔业
002087,纺织制造
002088,其他建材
002089,通信设备
002090,电气自动化设备
002091,贸易Ⅱ
002092,化学原料
002093,通信设备
002094,化学制品
002095,互联网传媒
002096,化学制品
002097,专用设备
002098,纺织制造
002099,化学制药
002100,饲料Ⅱ
002101,汽车零部件
002102,化学制药
002103,互联网传媒
002104,通信设备
002105,其他交运设备
002106,光学光电子
002107,中药Ⅱ
002108,塑料Ⅱ
002109,化学制品
002110,钢铁
002111,专用设备
002112,高低压设备
002113,互联网传媒
002114,工业金属
002115,通信设备
002116,基础建设
002117,包装印刷Ⅱ
002118,中药Ⅱ
002119,半导体
002120,物流Ⅱ
002121,电气自动化设备
002122,通用机械
002123,通信运营
002124,饲料Ⅱ
002125,化学原料
002126,汽车零部件
002127,专业零售
002128,煤炭开采Ⅱ
002129,电源设备
002130,金属非金属新材料
002131,营销传播
002132,金属制品
002133,房地产开发Ⅱ
002134,元件Ⅱ
002135,专业工程
002136,化学制品
002137,营销传播
002138,元件Ⅱ
002139,电子制造
002140,专业工程
002141,其他电子
002142,银行
002144,纺织制造
002145,化学制品
002146,房地产开发Ⅱ
002147,房地产开发Ⅱ
002148,互联网传媒
002149,金属非金属新材料
002150,金属制品
002151,航天装备
002152,计算机设备
002153,计算机应用
002154,服装家纺
002155,黄金
002156,半导体
002157,饲料Ⅱ
002158,通用机械
002159,旅游综合Ⅱ
002160,工业金属
002161,其他电子
002162,其他建材
002163,其他建材
002164,通用机械
002165,化学制品
002166,生物制品Ⅱ
002167,稀有金属
002168,互联网传媒
002169,电气自动化设备
002170,化学制品
002171,工业金属
002172,化学纤维
002173,医疗服务Ⅱ
002174,互联网传媒
002175,文化传媒
002176,电机
002177,计算机设备
002178,专业工程
002179,航空装备
002180,计算机设备
002181,文化传媒
002182,金属非金属新材料
002183,物流Ⅱ
002184,电气自动化设备
002185,半导体
002186,餐饮Ⅱ
002187,一般零售
002188,电子制造
002189,光学光电子
002190,电源设备
002191,包装印刷Ⅱ
002192,专用设备
002193,纺织制造
002194,通信设备
002195,计算机应用
002196,电机
002197,计算机设备
002198,中药Ⅱ
002199,元件Ⅱ
002200,园林工程
002201,化学制品
002202,电源设备
002203,工业金属
002204,专用设备
002205,环保工程及服务
002206,化学纤维
002207,采掘服务
002208,房地产开发Ⅱ
002209,专用设备
002210,物流Ⅱ
002211,化学制品
002212,计算机应用
002213,汽车零部件
002214,其他电子
002215,化学制品
002216,食品加工
002217,光学光电子
002218,电源设备
002219,医疗服务Ⅱ
002220,农产品加工
002221,石油化工
002222,元件Ⅱ
002223,医疗器械Ⅱ
002224,橡胶
002225,其他建材
002226,化学制品
002227,电源设备
002228,包装印刷Ⅱ
002229,包装印刷Ⅱ
002230,计算机应用
002231,通信设备
002232,计算机应用
002233,水泥制造
002234,畜禽养殖
002235,文化传媒
002236,电子制造
002237,黄金
002238,文化传媒
002239,汽车零部件
002240,家用轻工
002241,电子制造
002242,白色家电
002243,包装印刷Ⅱ
002244,房地产开发Ⅱ
002245,物流Ⅱ
002246,化学制品
002247,互联网传媒
002248,通用机械
002249,电机
002250,化学制品
002251,一般零售
002252,生物制品Ⅱ
002253,计算机应用
002255,电源设备
002256,电力
002258,化学制品
002259,燃气Ⅱ
002261,文化传媒
002262,化学制药
002263,塑料Ⅱ
002264,一般零售
002265,汽车零部件
002266,电源设备
002267,燃气Ⅱ
002268,计算机设备
002269,服装家纺
002270,高低压设备
002271,其他建材
002272,通用机械
002273,光学光电子
002274,化学制品
002275,中药Ⅱ
002276,高低压设备
002277,一般零售
002278,专用设备
002279,计算机应用
002280,计算机应用
002281,通信设备
002282,通用机械
002283,汽车零部件
002284,汽车零部件
002286,农产品加工
002287,中药Ⅱ
002288,元件Ⅱ
002289,光学光电子
002290,白色家电
002291,服装家纺
002292,文化传媒
002293,服装家纺
002294,化学制药
002295,工业金属
002296,计算机设备
002297,航空装备
002298,计算机应用
002299,畜禽养殖
002300,高低压设备
002301,家用轻工
002302,其他建材
002303,包装印刷Ⅱ
002304,饮料制造
002305,房地产开发Ⅱ
002306,餐饮Ⅱ
002307,基础建设
002308,计算机设备
002309,电源设备
002310,环保工程及服务
002311,饲料Ⅱ
002312,计算机应用
002313,通信设备
002314,房地产开发Ⅱ
002315,互联网传媒
002316,计算机应用
002317,中药Ⅱ
002318,钢铁
002319,化学制品
002320,航运Ⅱ
002321,畜禽养殖
002322,计算机应用
002324,塑料Ⅱ
002325,装修装饰
002326,化学制品
002327,服装家纺
002328,汽车零部件
002329,食品加工
002330,食品加工
002331,计算机应用
002332,化学制药
002333,其他建材
002334,电气自动化设备
002335,电源设备
002336,一般零售
002337,专用设备
002338,仪器仪表
002339,电气自动化设备
002340,金属非金属新材料
002341,化学制品
002342,金属制品
002343,文化传媒
002344,商业物业经营
002345,家用轻工
002346,高低压设备
002347,通用机械
002348,计算机应用
002349,中药Ⅱ
002350,高低压设备
002351,电子制造
002352,物流Ⅱ
002353,专用设备
002354,互联网传媒
002355,汽车零部件
002356,家用轻工
002357,公交Ⅱ
002358,高低压设备
002359,通信设备
002360,化学制品
002361,化学制品
002362,计算机应用
002363,汽车零部件
002364,电源设备
002365,化学制药
002366,专用设备
002367,专用设备
002368,计算机应用
002369,电子制造
002370,化学制药
002371,半导体
002372,其他建材
002373,计算机应用
002374,园林工程
002375,装修装饰
002376,计算机设备
002377,房地产开发Ⅱ
002378,稀有金属
002379,工业金属
002380,电气自动化设备
002381,橡胶
002382,医疗器械Ⅱ
002383,计算机设备
002384,元件Ⅱ
002385,饲料Ⅱ
002386,化学原料
002387,光学光电子
002388,其他电子
002389,航空装备
002390,中药Ⅱ
002391,化学制品
002392,其他建材
002393,化学制药
002394,纺织制造
002395,塑料Ⅱ
002396,通信设备
002397,服装家纺
002398,其他建材
002399,化学制药
002400,营销传播
002401,计算机应用
002402,电子制造
002403,白色家电
002404,纺织制造
002405,计算机应用
002406,汽车零部件
002407,化学制品
002408,化学制品
002409,化学制品
002410,计算机应用
002411,化学制药
002412,中药Ⅱ
002413,航空装备
002414,其他电子
002415,电子制造
002416,专业零售
002417,计算机应用
002418,白色家电
002419,一般零售
002420,视听器材
002421,计算机应用
002422,化学制药
002423,多元金融
002424,中药Ⅱ
002425,互联网传媒
002426,通用机械
002427,化学纤维
002428,稀有金属
002429,视听器材
002430,专用设备
002431,园林工程
002432,医疗器械Ⅱ
002433,中药Ⅱ
002434,汽车零部件
002435,化学制药
002436,元件Ⅱ
002437,化学制药
002438,通用机械
002439,计算机应用
002440,化学制品
002441,高低压设备
002442,橡胶
002443,钢铁
002444,通用机械
002445,文化传媒
002446,通信设备
002447,互联网传媒
002448,汽车零部件
002449,光学光电子
002451,高低压设备
002452,高低压设备
002453,计算机应用
002454,汽车零部件
002455,化学制品
002456,光学光电子
002457,其他建材
002458,畜禽养殖
002459,专用设备
002460,稀有金属
002461,饮料制造
002462,医药商业Ⅱ
002463,元件Ⅱ
002464,互联网传媒
002465,地面兵装
002466,稀有金属
002467,通信运营
002468,物流Ⅱ
002469,专业工程
002470,化学制品
002471,高低压设备
002472,汽车零部件
002473,白色家电
002474,计算机应用
002475,电子制造
002476,化学制品
002478,钢铁
002479,环保工程及服务
002480,通用机械
002481,食品加工
002482,装修装饰
002483,专用设备
002484,元件Ⅱ
002486,服装家纺
002487,金属制品
002488,汽车零部件
002489,家用轻工
002490,专用设备
002491,通信设备
002492,物流Ⅱ
002493,化学纤维
002494,服装家纺
002495,食品加工
002496,化学制品
002497,化学制品
002498,高低压设备
002499,电源设备
002500,证券
002501,工业金属
002502,互联网传媒
002503,服装家纺
002504,装修装饰
002505,贸易Ⅱ
002506,电源设备
002507,食品加工
002508,白色家电
002509,园林工程
002510,汽车零部件
002511,造纸Ⅱ
002512,计算机设备
002513,化学制品
002514,通用机械
002515,食品加工
002516,纺织制造
002517,互联网传媒
002518,电源设备
002519,视听器材
002520,通用机械
002521,造纸Ⅱ
002522,包装印刷Ⅱ
002523,专用设备
002524,医疗服务Ⅱ
002526,专用设备
002527,电气自动化设备
002528,计算机设备
002529,专用设备
002530,计算机应用
002531,电源设备
002532,通用机械
002533,高低压设备
002534,电源设备
002535,专用设备
002536,汽车零部件
002537,计算机应用
002538,化学制品
002539,化学制品
002540,工业金属
002541,专业工程
002542,专业工程
002543,白色家电
002544,通信设备
002545,化学制品
002546,电气自动化设备
002547,电子制造
002548,饲料Ⅱ
002549,化学制品
002550,化学制药
002551,医疗器械Ⅱ
002552,通用机械
002553,汽车零部件
002554,采掘服务
002555,互联网传媒
002556,化学制品
002557,食品加工
002558,互联网传媒
002559,通用机械
002560,高低压设备
002561,一般零售
002562,化学制药
002563,服装家纺
002564,基础建设
002565,包装印刷Ⅱ
002566,中药Ⅱ
002567,饲料Ⅱ
002568,饮料制造
002569,服装家纺
002570,食品加工
002571,家用轻工
002572,家用轻工
002573,环保工程及服务
002574,家用轻工
002575,家用轻工
002576,电机
002577,计算机设备
002578,工业金属
002579,元件Ⅱ
002580,电源设备
002581,生物制品Ⅱ
002582,食品加工
002583,通信设备
002584,化学制品
002585,包装印刷Ⅱ
002586,基础建设
002587,光学光电子
002588,化学制品
002589,医药商业Ⅱ
002590,汽车零部件
002591,营销传播
002592,汽车零部件
002593,专业工程
002594,汽车整车
002595,专用设备
002596,其他建材
002597,化学制品
002598,通用机械
002599,包装印刷Ⅱ
002600,电子制造
002601,化学制品
002602,互联网传媒
002603,中药Ⅱ
002605,家用轻工
002606,高低压设备
002607,文化传媒
002608,电力
002609,计算机应用
002610,电源设备
002611,汽车零部件
002612,服装家纺
002613,专用设备
002614,白色家电
002615,家用轻工
002616,环保工程及服务
002617,电源设备
002618,元件Ⅱ
002619,互联网传媒
002620,装修装饰
002621,文化传媒
002622,营销传播
002623,玻璃制造
002624,互联网传媒
002625,汽车零部件
002626,化学制药
002627,公交Ⅱ
002628,基础建设
002629,采掘服务
002630,电源设备
002631,家用轻工
002632,化学制品
002633,通用机械
002634,服装家纺
002635,电子制造
002636,元件Ⅱ
002637,化学制品
002638,文化传媒
002639,通用机械
002640,一般零售
002641,其他建材
002642,计算机应用
002643,化学制品
002644,中药Ⅱ
002645,专用设备
002646,饮料制造
002647,多元金融
002648,化学原料
002649,计算机应用
002650,食品加工
002651,专用设备
002652,其他建材
002653,化学制药
002654,营销传播
002655,电子制造
002656,服装家纺
002657,计算机应用
002658,环保工程及服务
002659,文化传媒
002660,电子制造
002661,食品加工
002662,汽车零部件
002663,园林工程
002664,汽车零部件
002665,电源设备
002666,化学制品
002667,专用设备
002668,白色家电
002669,化学制品
002670,证券
002671,其他建材
002672,环保工程及服务
002673,证券
002674,纺织制造
002675,化学制药
002676,白色家电
002677,白色家电
002678,家用轻工
002679,林业Ⅱ
002681,电子制造
002682,物流Ⅱ
002683,化学制品
002684,其他电子
002685,通用机械
002686,通用机械
002687,服装家纺
002688,动物保健
002689,专用设备
002690,专用设备
002691,专用设备
002692,高低压设备
002693,生物制品Ⅱ
002694,其他建材
002695,食品加工
002696,饲料Ⅱ
002697,一般零售
002698,专用设备
002699,文化传媒
002700,燃气Ⅱ
002701,包装印刷Ⅱ
002702,食品加工
002703,汽车零部件
002705,白色家电
002706,高低压设备
002707,旅游综合Ⅱ
002708,汽车零部件
002709,化学制品
002711,物流Ⅱ
002712,营销传播
002713,装修装饰
002714,畜禽养殖
002715,汽车零部件
002716,稀有金属
002717,环保工程及服务
002718,其他建材
002719,食品加工
002721,家用轻工
002722,专用设备
002723,白色家电
002725,汽车零部件
002726,食品加工
002727,医药商业Ⅱ
002728,中药Ⅱ
002729,其他电子
002730,专用设备
002731,家用轻工
002732,食品加工
002733,电源设备
002734,化学制品
002735,包装印刷Ⅱ
002736,证券
002737,中药Ⅱ
002738,采掘服务
002739,文化传媒
002740,家用轻工
002741,化学制品
002742,其他建材
002743,专业工程
002745,光学光电子
002746,畜禽养殖
002747,通用机械
002748,化学制品
002749,化学制品
002750,中药Ⅱ
002751,其他轻工制造
002752,包装印刷Ⅱ
002753,橡胶
002755,化学制药
002756,钢铁
002757,专用设备
002758,医药商业Ⅱ
002759,白色家电
002760,通用机械
002761,服装家纺
002762,服装家纺
002763,服装家纺
002765,汽车零部件
002766,计算机应用
002767,电气自动化设备
002768,塑料Ⅱ
002769,物流Ⅱ
002770,食品加工
002771,计算机应用
002772,种植业
002773,化学制药
002774,专用设备
002775,园林工程
002776,服装家纺
002777,计算机应用
002778,石油化工
002779,专用设备
002780,服装家纺
002781,装修装饰
002782,电子制造
002783,化学制品
002785,其他建材
002786,专用设备
002787,包装印刷Ⅱ
002788,医药商业Ⅱ
002789,装修装饰
002790,家用轻工
002791,其他建材
002792,通信设备
002793,通用机械
002795,通用机械
002796,专用设备
002797,证券
002798,其他建材
002800,物流Ⅱ
002801,电机
002802,化学制品
002803,营销传播
002805,化学原料
002806,工业金属
002807,银行
002808,光学光电子
002809,化学制品
002810,化学制品
002811,装修装饰
002812,化学制品
002813,汽车零部件
002815,元件Ⅱ
002816,专用设备
002817,中药Ⅱ
002818,商业物业经营
002819,仪器仪表
002820,食品加工
002821,化学制药
002822,装修装饰
002823,电机
002824,工业金属
002825,塑料Ⅱ
002826,中药Ⅱ
002827,化学制品
002828,采掘服务
002829,航天装备
002830,装修装饰
002831,包装印刷Ⅱ
002832,服装家纺
002833,专用设备
002835,计算机设备
002836,包装印刷Ⅱ
002837,专用设备
002838,塑料Ⅱ
002839,银行
002840,食品加工
002841,光学光电子
002842,稀有金属
002843,金属制品
002845,光学光电子
002846,包装印刷Ⅱ
002847,食品加工
002848,视听器材
002849,仪器仪表
002850,电子制造
002851,电源设备
002852,农产品加工
002853,家用轻工
002855,电子制造
002856,装修装饰
002857,仪器仪表
002858,文化传媒
002859,电子制造
002860,白色家电
002861,电子制造
002862,家用轻工
002863,汽车零部件
002864,中药Ⅱ
002865,汽车零部件
002866,电子制造
002867,家用轻工
002868,动物保健
002869,其他电子
002870,仪器仪表
002871,通用机械
002872,医药商业Ⅱ
002873,中药Ⅱ
002875,服装家纺
002876,光学光电子
002877,通用机械
002878,营销传播
002879,高低压设备
002880,生物制品Ⅱ
002881,电子制造
002882,高低压设备
002883,基础建设
002884,通用机械
002885,电子制造
002886,塑料Ⅱ
002887,环保工程及服务
002888,电子制造
002889,物流Ⅱ
002890,专用设备
002891,饲料Ⅱ
002892,电机
002893,电力
002895,化学制品
002896,通用机械
002897,通信设备
002898,化学制药
002899,家用轻工
002900,化学制药
002901,医疗器械Ⅱ
002902,通信设备
002903,通用机械
002905,文化传媒
002906,汽车零部件
002907,中药Ⅱ
002908,通信设备
002909,化学制品
002910,食品加工
002911,燃气Ⅱ
002912,计算机设备
002913,元件Ⅱ
002915,化学制品
002916,元件Ⅱ
002917,化学制品
002918,其他建材
002919,化学制品
002920,计算机应用
002921,汽车零部件
002922,电子制造
002923,化学制药
002925,电子制造
002926,证券
002927,高低压设备
002928,航空运输Ⅱ
002929,通信设备
002930,物流Ⅱ
002931,专用设备
002932,医疗器械Ⅱ
002933,航空装备
002935,航天装备
002936,银行
002937,电子制造
002938,元件Ⅱ
002939,证券
002940,化学制药
002941,基础建设
002942,化学制品
002943,通用机械
002945,证券
002946,食品加工
002947,电子制造
002948,银行
002949,房屋建设
002950,医疗器械Ⅱ
002951,包装印刷Ⅱ
002952,光学光电子
002953,高低压设备
002955,计算机设备
002956,食品加工
002957,专用设备
002958,银行
002959,白色家电
002960,专用设备
002961,多元金融
002962,光学光电子
002963,装修装饰
002965,金属制品
002966,银行
002967,综合Ⅱ
002968,房地产开发Ⅱ
002969,包装印刷Ⅱ
003816,电力
300001,高低压设备
300002,计算机应用
300003,医疗器械Ⅱ
300004,专用设备
300005,服装家纺
300006,化学制药
300007,仪器仪表
300008,船舶制造
300009,生物制品Ⅱ
300010,计算机应用
300011,电源设备
300012,综合Ⅱ
300013,物流Ⅱ
300014,其他电子
300015,医疗服务Ⅱ
300016,化学制药
300017,通信设备
300018,电气自动化设备
300019,化学制品
300020,计算机应用
300021,农业综合Ⅱ
300022,专业零售
300023,多元金融
300024,通用机械
300025,通信设备
300026,中药Ⅱ
300027,文化传媒
300029,电源设备
300030,医疗器械Ⅱ
300031,互联网传媒
300032,光学光电子
300033,计算机应用
300034,航天装备
300035,其他电子
300036,计算机应用
300037,化学制品
300038,营销传播
300039,中药Ⅱ
300040,电气自动化设备
300041,化学制品
300042,计算机设备
300043,互联网传媒
300044,计算机应用
300045,计算机设备
300046,半导体
300047,计算机应用
300048,电气自动化设备
300049,医疗器械Ⅱ
300050,通信设备
300051,互联网传媒
300052,互联网传媒
300053,半导体
300054,化学制品
300055,环保工程及服务
300056,环保工程及服务
300057,包装印刷Ⅱ
300058,营销传播
300059,证券
300061,营销传播
300062,高低压设备
300064,通用机械
300065,船舶制造
300066,仪器仪表
300067,化学制品
300068,电源设备
300069,高低压设备
300070,环保工程及服务
300071,营销传播
300072,环保工程及服务
300073,化学制品
300074,计算机应用
300075,计算机应用
300076,光学光电子
300077,半导体
300078,其他电子
300079,计算机应用
300080,电源设备
300081,文化传媒
300082,化学制品
300083,电子制造
300084,专用设备
300085,计算机应用
300086,化学制药
300087,种植业
300088,光学光电子
300089,文化传媒
300090,环保工程及服务
300091,通用机械
300092,通用机械
300093,玻璃制造
300094,渔业
300095,通用机械
300096,计算机应用
300098,通信设备
300099,专用设备
300100,汽车零部件
300101,航天装备
300102,光学光电子
300103,专用设备
300105,电源设备
300106,食品加工
300107,化学制品
300108,中药Ⅱ
300109,医疗服务Ⅱ
300110,化学制药
300111,电源设备
300112,仪器仪表
300113,互联网传媒
300114,仪器仪表
300115,电子制造
300116,电源设备
300117,其他建材
300118,电源设备
300119,动物保健
300120,光学光电子
300121,橡胶
300122,生物制品Ⅱ
300123,地面兵装
300124,电气自动化设备
300125,电力
300126,通用机械
300127,金属非金属新材料
300128,光学光电子
300129,电源设备
300130,计算机设备
300131,电子制造
300132,化学制品
300133,文化传媒
300134,通信设备
300135,石油化工
300136,电子制造
300137,环保工程及服务
300138,农产品加工
300139,半导体
300140,环保工程及服务
300141,电源设备
300142,生物制品Ⅱ
300143,医疗服务Ⅱ
300144,景点
300145,通用机械
300146,食品加工
300147,中药Ⅱ
300148,互联网传媒
300149,医疗服务Ⅱ
300150,计算机应用
300151,专用设备
300152,环保工程及服务
300153,电源设备
300154,通用机械
300155,计算机设备
300156,环保工程及服务
300157,采掘服务
300158,化学制药
300159,航空装备
300160,白色家电
300161,通用机械
300162,光学光电子
300163,化学制品
300164,采掘服务
300165,仪器仪表
300166,计算机应用
300167,计算机应用
300168,计算机应用
300169,化学制品
300170,计算机应用
300171,专用设备
300172,环保工程及服务
300173,专用设备
300174,化学制品
300175,农产品加工
300176,计算机应用
300177,计算机设备
300178,旅游综合Ⅱ
300179,通用机械
300180,塑料Ⅱ
300181,中药Ⅱ
300182,文化传媒
300183,通信设备
300184,其他电子
300185,电源设备
300187,环保工程及服务
300188,计算机应用
300189,种植业
300190,环保工程及服务
300191,采掘服务
300192,文化传媒
300193,通用机械
300194,化学制药
300195,专用设备
300196,化学制品
300197,环保工程及服务
300198,其他建材
300199,化学制药
300200,化学制品
300201,专用设备
300202,计算机设备
300203,环保工程及服务
300204,生物制品Ⅱ
300205,通信设备
300206,医疗器械Ⅱ
300207,电子制造
300208,电气自动化设备
300209,计算机应用
300210,专用设备
300211,通信设备
300212,计算机应用
300213,通信设备
300214,化学制品
300215,高低压设备
300217,白色家电
300218,塑料Ⅱ
300219,光学光电子
300220,其他电子
300221,塑料Ⅱ
300222,通用机械
300223,半导体
300224,金属非金属新材料
300225,化学制品
300226,互联网传媒
300227,电子制造
300228,金属制品
300229,计算机应用
300230,塑料Ⅱ
300231,计算机应用
300232,光学光电子
300233,化学制药
300234,其他建材
300235,计算机应用
300236,化学制品
300237,园林工程
300238,医疗器械Ⅱ
300239,生物制品Ⅱ
300240,物流Ⅱ
300241,光学光电子
300242,营销传播
300243,化学制品
300244,医疗器械Ⅱ
300245,计算机应用
300246,医疗器械Ⅱ
300247,白色家电
300248,计算机应用
300249,计算机应用
300250,计算机应用
300251,文化传媒
300252,通信设备
300253,计算机应用
300254,化学制药
300255,生物制品Ⅱ
300256,电子制造
300257,通用机械
300258,汽车零部件
300259,仪器仪表
300260,通用机械
300261,化学制品
300262,环保工程及服务
300263,环保工程及服务
300264,计算机应用
300265,高低压设备
300266,环保工程及服务
300267,化学制药
300268,农产品加工
300269,营销传播
300270,计算机设备
300271,计算机应用
300272,白色家电
300273,医疗器械Ⅱ
300274,电源设备
300275,专用设备
300276,专用设备
300277,计算机应用
300278,通用机械
300279,电子制造
300280,营销传播
300281,专用设备
300282,文化传媒
300283,高低压设备
300284,基础建设
300285,金属非金属新材料
300286,电气自动化设备
300287,计算机应用
300288,计算机应用
300289,医疗器械Ⅱ
300290,计算机应用
300291,文化传媒
300292,互联网传媒
300293,专用设备
300294,生物制品Ⅱ
300295,互联网传媒
300296,光学光电子
300297,计算机应用
300298,医疗器械Ⅱ
300299,互联网传媒
300300,计算机应用
300301,光学光电子
300302,计算机设备
300303,光学光电子
300304,汽车零部件
300305,塑料Ⅱ
300306,仪器仪表
300307,专用设备
300308,通信设备
300309,多元金融
300310,通信设备
300311,计算机应用
300312,通信设备
300313,畜禽养殖
300314,医疗器械Ⅱ
300315,互联网传媒
300316,电源设备
300317,电源设备
300318,医疗器械Ⅱ
300319,光学光电子
300320,橡胶
300321,塑料Ⅱ
300322,电子制造
300323,光学光电子
300324,计算机应用
300325,塑料Ⅱ
300326,医疗器械Ⅱ
300327,半导体
300328,工业金属
300329,家用轻工
300330,计算机应用
300331,光学光电子
300332,环保工程及服务
300333,计算机设备
300334,环保工程及服务
300335,环保工程及服务
300336,营销传播
300337,工业金属
300338,文化传媒
300339,计算机应用
300340,其他电子
300341,仪器仪表
300342,白色家电
300343,营销传播
300344,计算机应用
300345,通用机械
300346,半导体
300347,医疗服务Ⅱ
300348,计算机应用
300349,仪器仪表
300350,物流Ⅱ
300351,运输设备
300352,计算机应用
300353,通信设备
300354,仪器仪表
300355,环保工程及服务
300356,电气自动化设备
300357,生物制品Ⅱ
300358,医疗器械Ⅱ
300359,互联网传媒
300360,电气自动化设备
300362,专用设备
300363,化学制药
300364,互联网传媒
300365,计算机应用
300366,计算机应用
300367,计算机应用
300368,计算机设备
300369,计算机应用
300370,仪器仪表
300371,仪器仪表
300373,半导体
300374,其他建材
300375,汽车零部件
300376,电源设备
300377,计算机应用
300378,计算机应用
300379,计算机应用
300380,计算机应用
300381,生物制品Ⅱ
300382,专用设备
300383,通信设备
300384,专业工程
300385,专用设备
300386,计算机设备
300387,化学制品
300388,水务Ⅱ
300389,光学光电子
300390,其他电子
300391,电源设备
300392,营销传播
300393,电源设备
300394,通信设备
300395,金属非金属新材料
300396,医疗器械Ⅱ
300398,化学制品
300399,计算机应用
300400,通用机械
300401,化学制药
300402,金属制品
300403,白色家电
300404,医疗服务Ⅱ
300405,化学制品
300406,医疗器械Ⅱ
300407,电气自动化设备
300408,元件Ⅱ
300409,化学制品
300410,其他电子
300411,专用设备
300412,专用设备
300413,互联网传媒
300415,专用设备
300416,仪器仪表
300417,仪器仪表
300418,互联网传媒
300419,计算机应用
300420,通用机械
300421,通用机械
300422,环保工程及服务
300423,高低压设备
300424,航空装备
300425,环保工程及服务
300426,文化传媒
300427,电气自动化设备
300428,汽车零部件
300429,化学制品
300430,通用机械
300431,互联网传媒
300432,汽车零部件
300433,电子制造
300434,化学制药
300435,通用机械
300436,化学制药
300437,化学制品
300438,其他电子
300439,医疗器械Ⅱ
300440,计算机应用
300441,通用机械
300442,专用设备
300443,电源设备
300444,高低压设备
300445,仪器仪表
300446,化学制品
300447,高低压设备
300448,计算机应用
300449,计算机设备
300451,计算机应用
300452,化学制药
300453,医疗器械Ⅱ
300454,计算机应用
300455,计算机设备
300456,航天装备
300457,专用设备
300458,半导体
300459,互联网传媒
300460,元件Ⅱ
300461,专用设备
300462,计算机设备
300463,医疗器械Ⅱ
300464,通用机械
300465,计算机应用
300466,电气自动化设备
300467,互联网传媒
300468,计算机应用
300469,计算机应用
300470,通用机械
300471,专用设备
300472,专用设备
300473,汽车零部件
300474,航天装备
300475,白色家电
300476,元件Ⅱ
300477,高低压设备
300478,塑料Ⅱ
300479,计算机设备
300480,专用设备
300481,化学制品
300482,医疗器械Ⅱ
300483,专用设备
300484,电气自动化设备
300485,生物制品Ⅱ
300486,专用设备
300488,通用机械
300489,金属非金属新材料
300490,电气自动化设备
300491,电源设备
300492,房屋建设
300493,半导体
300494,互联网传媒
300495,环保工程及服务
300496,计算机应用
300497,化学制药
300498,畜禽养殖
300499,专用设备
300500,房屋建设
300501,包装印刷Ⅱ
300502,通信设备
300503,通用机械
300504,通信设备
300505,化学制品
300506,装修装饰
300507,汽车零部件
300508,计算机应用
300509,专用设备
300510,高低压设备
300511,种植业
300512,专用设备
300513,通信设备
300514,电气自动化设备
300515,仪器仪表
300516,其他电子
300517,专业工程
300518,互联网传媒
300519,中药Ⅱ
300520,计算机应用
300521,专用设备
300522,化学制品
300523,计算机应用
300525,计算机应用
300526,服装家纺
300527,地面兵装
300528,文化传媒
300529,医疗器械Ⅱ
300530,化学制品
300531,通信设备
300532,计算机应用
300533,互联网传媒
300534,中药Ⅱ
300535,化学制品
300536,园林工程
300537,化学制品
300538,塑料Ⅱ
300539,塑料Ⅱ
300540,专用设备
300541,计算机应用
300542,计算机应用
300543,电子制造
300545,光学光电子
300546,计算机设备
300547,汽车零部件
300548,通信设备
300549,专用设备
300550,计算机应用
300551,专用设备
300552,计算机应用
300553,仪器仪表
300554,通用机械
300555,通信设备
300556,计算机应用
300557,仪器仪表
300558,化学制药
300559,计算机应用
300560,通信设备
300561,计算机应用
300562,医疗器械Ⅱ
300563,通信设备
300564,房屋建设
300565,通信设备
300566,光学光电子
300567,仪器仪表
300568,化学制品
300569,电源设备
300570,通信设备
300571,互联网传媒
300572,仪器仪表
300573,化学制药
300575,化学制品
300576,化学制品
300577,纺织制造
300578,通信运营
300579,计算机应用
300580,汽车零部件
300581,航空装备
300582,光学光电子
300583,化学制药
300584,化学制药
300585,汽车零部件
300586,塑料Ⅱ
300587,橡胶
300588,计算机应用
300589,船舶制造
300590,通信设备
300591,服装家纺
300592,装修装饰
300593,电源设备
300594,运输设备
300595,医疗器械Ⅱ
300596,化学制品
300597,通信设备
300598,计算机应用
300599,其他建材
300600,船舶制造
300601,生物制品Ⅱ
300602,电子制造
300603,通信设备
300604,专用设备
300605,计算机应用
300606,通用机械
300607,通用机械
300608,计算机应用
300609,计算机应用
300610,化学制品
300611,汽车零部件
300612,营销传播
300613,半导体
300615,通信设备
300616,家用轻工
300617,高低压设备
300618,稀有金属
300619,专用设备
300620,通信设备
300621,装修装饰
300622,专业零售
300623,半导体
300624,计算机应用
300625,光学光电子
300626,电机
300627,通信设备
300628,通信设备
300629,通用机械
300630,化学制药
300631,环保工程及服务
300632,光学光电子
300633,医疗器械Ⅱ
300634,计算机应用
300635,专业工程
300636,化学制药
300637,化学制品
300638,通信设备
300639,医疗器械Ⅱ
300640,家用轻工
300641,化学制品
300642,医疗器械Ⅱ
300643,汽车零部件
300644,塑料Ⅱ
300645,计算机应用
300647,电子制造
300648,仪器仪表
300649,园林工程
300650,光学光电子
300651,家用轻工
300652,汽车零部件
300653,医疗器械Ⅱ
300654,文化传媒
300655,化学原料
300656,其他电子
300657,元件Ⅱ
300658,纺织制造
300659,计算机应用
300660,电机
300661,半导体
300662,计算机应用
300663,计算机应用
300664,水务Ⅱ
300665,化学制品
300666,半导体
300667,电气自动化设备
300668,房屋建设
300669,专用设备
300670,高低压设备
300671,半导体
300672,半导体
300673,饲料Ⅱ
300674,计算机应用
300675,房屋建设
300676,医疗器械Ⅱ
300677,医疗器械Ⅱ
300678,计算机应用
300679,电子制造
300680,汽车零部件
300681,汽车零部件
300682,计算机应用
300683,生物制品Ⅱ
300684,化学制品
300685,医疗器械Ⅱ
300686,电子制造
300687,计算机应用
300688,文化传媒
300689,通信设备
300690,化学制品
300691,光学光电子
300692,水务Ⅱ
300693,电源设备
300694,汽车零部件
300695,汽车零部件
300696,航空装备
300697,工业金属
300698,通信设备
300699,化学纤维
300700,通用机械
300701,光学光电子
300702,化学制药
300703,家用轻工
300705,化学制药
300706,半导体
300707,汽车零部件
300708,光学光电子
300709,电子制造
300710,通信设备
300711,通信设备
300712,基础建设
300713,电源设备
300715,其他建材
300716,塑料Ⅱ
300717,塑料Ⅱ
300718,通用机械
300719,航空装备
300720,仪器仪表
300721,化学制品
300722,航天装备
300723,化学制药
300724,电源设备
300725,化学制药
300726,元件Ⅱ
300727,化学制品
300729,家用轻工
300730,计算机应用
300731,橡胶
300732,基础建设
300733,汽车零部件
300735,电子制造
300736,其他电子
300737,其他建材
300738,计算机应用
300739,元件Ⅱ
300740,化学制品
300741,食品加工
300742,汽车零部件
300743,化学制品
300745,汽车零部件
300746,房屋建设
300747,其他电子
300748,金属非金属新材料
300749,家用轻工
300750,电源设备
300751,电源设备
300752,光学光电子
300753,医疗器械Ⅱ
300755,专业零售
300756,专用设备
300757,电源设备
300758,化学制品
300759,医疗服务Ⅱ
300760,医疗器械Ⅱ
300761,畜禽养殖
300762,地面兵装
300763,电源设备
300765,化学制药
300766,互联网传媒
300767,橡胶
300768,计算机应用
300769,化学制品
300770,互联网传媒
300771,专用设备
300772,电源设备
300773,计算机应用
300776,电源设备
300777,化学纤维
300778,房屋建设
300779,环保工程及服务
300780,通用机械
300781,营销传播
300782,半导体
300783,食品加工
300785,互联网传媒
300786,专用设备
300787,电子制造
300788,文化传媒
300789,运输设备
300790,光学光电子
300791,食品加工
300792,营销传播
300793,电子制造
300795,营销传播
300796,化学制品
300797,综合Ⅱ
300798,化学制品
300799,计算机应用
300800,环保工程及服务
300801,化学制品
300802,专用设备
300803,计算机应用
300805,营销传播
300806,化学制品
300808,光学光电子
430142,有色冶炼加工
430198,通信设备
430223,传媒
430229,计算机应用
430372,基础化学
430447,高低压设备
430515,计算机应用
430532,白色家电
430539,家用轻工
600000,银行
600004,机场Ⅱ
600006,汽车整车
600007,房地产开发Ⅱ
600008,水务Ⅱ
600009,机场Ⅱ
600010,钢铁
600011,电力
600012,高速公路Ⅱ
600015,银行
600016,银行
600017,港口Ⅱ
600018,港口Ⅱ
600019,钢铁
600020,高速公路Ⅱ
600021,电力
600022,钢铁
600023,电力
600025,电力
600026,航运Ⅱ
600027,电力
600028,石油化工
600029,航空运输Ⅱ
600030,证券
600031,专用设备
600033,高速公路Ⅱ
600035,高速公路Ⅱ
600036,银行
600037,文化传媒
600038,航空装备
600039,基础建设
600048,房地产开发Ⅱ
600050,通信运营
600051,房地产开发Ⅱ
600052,文化传媒
600053,多元金融
600054,景点
600055,医疗器械Ⅱ
600056,医药商业Ⅱ
600057,物流Ⅱ
600058,贸易Ⅱ
600059,饮料制造
600060,视听器材
600061,证券
600062,化学制药
600063,化学纤维
600064,园区开发Ⅱ
600066,汽车整车
600067,房地产开发Ⅱ
600068,基础建设
600069,造纸Ⅱ
600070,综合Ⅱ
600071,其他电子
600072,船舶制造
600073,食品加工
600075,化学原料
600076,林业Ⅱ
600077,房地产开发Ⅱ
600078,化学制品
600079,化学制药
600080,生物制品Ⅱ
600081,汽车零部件
600082,园区开发Ⅱ
600083,综合Ⅱ
600084,饮料制造
600085,中药Ⅱ
600086,家用轻工
600088,景点
600089,高低压设备
600090,医药商业Ⅱ
600091,化学原料
600093,物流Ⅱ
600094,房地产开发Ⅱ
600095,房地产开发Ⅱ
600096,化学制品
600097,渔业
600098,电力
600099,其他交运设备
600100,计算机设备
600101,电力
600103,造纸Ⅱ
600104,汽车整车
600105,通信设备
600106,高速公路Ⅱ
600107,服装家纺
600108,种植业
600109,证券
600110,其他电子
600111,稀有金属
600112,高低压设备
600113,商业物业经营
600114,金属非金属新材料
600115,航空运输Ⅱ
600116,电力
600117,钢铁
600118,航天装备
600119,物流Ⅱ
600120,多元金融
600121,煤炭开采Ⅱ
600122,专业零售
600123,煤炭开采Ⅱ
600125,铁路运输Ⅱ
600126,钢铁
600127,农产品加工
600128,贸易Ⅱ
600129,中药Ⅱ
600130,通信设备
600131,电力
600132,饮料制造
600133,基础建设
600135,家用轻工
600136,文化传媒
600137,服装家纺
600138,旅游综合Ⅱ
600139,综合Ⅱ
600141,化学制品
600143,塑料Ⅱ
600146,服装家纺
600148,汽车零部件
600149,综合Ⅱ
600150,船舶制造
600151,汽车零部件
600152,其他电子
600153,物流Ⅱ
600155,证券
600156,纺织制造
600157,煤炭开采Ⅱ
600158,房地产开发Ⅱ
600159,房地产开发Ⅱ
600160,化学制品
600161,生物制品Ⅱ
600162,房地产开发Ⅱ
600163,电力
600165,化学制品
600166,汽车整车
600167,电力
600168,水务Ⅱ
600169,专用设备
600170,房屋建设
600171,半导体
600172,通用机械
600173,房地产开发Ⅱ
600175,综合Ⅱ
600176,化学制品
600177,服装家纺
600178,汽车零部件
600179,物流Ⅱ
600180,物流Ⅱ
600182,橡胶
600183,元件Ⅱ
600184,地面兵装
600185,房地产开发Ⅱ
600186,食品加工
600187,水务Ⅱ
600188,煤炭开采Ⅱ
600189,饮料制造
600190,港口Ⅱ
600191,农产品加工
600192,高低压设备
600193,装修装饰
600195,动物保健
600196,生物制品Ⅱ
600197,饮料制造
600198,半导体
600199,饮料制造
600200,化学制药
600201,动物保健
600202,电源设备
600203,通信设备
600206,金属非金属新材料
600207,燃气Ⅱ
600208,房地产开发Ⅱ
600209,装修装饰
600210,包装印刷Ⅱ
600211,中药Ⅱ
600212,电力
600213,汽车整车
600215,园区开发Ⅱ
600216,化学制药
600217,环保工程及服务
600218,通用机械
600219,工业金属
600220,纺织制造
600221,航空运输Ⅱ
600222,中药Ⅱ
600223,房地产开发Ⅱ
600225,房地产开发Ⅱ
600226,互联网传媒
600227,化学制药
600228,化学原料
600229,文化传媒
600230,化学制品
600231,钢铁
600232,专用设备
600233,物流Ⅱ
600234,综合Ⅱ
600235,造纸Ⅱ
600236,电力
600237,元件Ⅱ
600238,饮料制造
600239,房地产开发Ⅱ
600241,电源设备
600242,营销传播
600243,通用机械
600246,房地产开发Ⅱ
600247,贸易Ⅱ
600248,专业工程
600249,化学制品
600250,贸易Ⅱ
600251,农产品加工
600252,中药Ⅱ
600255,工业金属
600256,石油化工
600257,渔业
600258,酒店Ⅱ
600259,稀有金属
600260,通信设备
600261,光学光电子
600262,专用设备
600265,林业Ⅱ
600266,房地产开发Ⅱ
600267,化学制药
600268,电气自动化设备
600269,高速公路Ⅱ
600271,计算机应用
600272,医药商业Ⅱ
600273,化学制品
600275,渔业
600276,化学制药
600277,化学原料
600278,贸易Ⅱ
600279,港口Ⅱ
600280,一般零售
600281,综合Ⅱ
600282,钢铁
600283,水务Ⅱ
600284,基础建设
600285,中药Ⅱ
600287,贸易Ⅱ
600288,其他电子
600289,通信设备
600290,电源设备
600291,保险
600292,环保工程及服务
600293,通信设备
600295,其他采掘Ⅱ
600297,汽车服务
600298,农产品加工
600299,化学制品
600300,饮料制造
600301,贸易Ⅱ
600302,专用设备
600303,汽车整车
600305,食品加工
600306,一般零售
600307,钢铁
600308,造纸Ⅱ
600309,化学制品
600310,电力
600311,黄金
600312,高低压设备
600313,种植业
600315,化学制品
600316,航空装备
600317,港口Ⅱ
600318,多元金融
600319,化学原料
600320,专用设备
600321,其他建材
600322,房地产开发Ⅱ
600323,环保工程及服务
600325,房地产开发Ⅱ
600326,水泥制造
600327,汽车服务
600328,化学原料
600329,中药Ⅱ
600330,金属非金属新材料
600331,工业金属
600332,中药Ⅱ
600333,燃气Ⅱ
600335,汽车服务
600336,白色家电
600337,家用轻工
600338,工业金属
600339,采掘服务
600340,房地产开发Ⅱ
600343,航天装备
600345,通信设备
600346,化学纤维
600348,煤炭开采Ⅱ
600350,高速公路Ⅱ
600351,中药Ⅱ
600352,化学制品
600353,其他电子
600355,通信设备
600356,造纸Ⅱ
600358,营销传播
600359,种植业
600360,半导体
600361,一般零售
600362,工业金属
600363,光学光电子
600365,饮料制造
600366,金属非金属新材料
600367,化学原料
600368,高速公路Ⅱ
600369,证券
600370,电力
600371,种植业
600372,航空装备
600373,互联网传媒
600375,汽车整车
600376,房地产开发Ⅱ
600377,高速公路Ⅱ
600378,化学制品
600379,高低压设备
600380,化学制药
600381,营销传播
600382,综合Ⅱ
600383,房地产开发Ⅱ
600385,黄金
600386,营销传播
600387,石油化工
600388,专用设备
600389,化学制品
600390,多元金融
600391,航空装备
600392,稀有金属
600393,房地产开发Ⅱ
600395,煤炭开采Ⅱ
600396,电力
600397,煤炭开采Ⅱ
600398,服装家纺
600399,钢铁
600400,服装家纺
600403,煤炭开采Ⅱ
600405,电源设备
600406,电气自动化设备
600408,煤炭开采Ⅱ
600409,化学原料
600410,计算机应用
600415,商业物业经营
600416,电源设备
600418,汽车整车
600419,食品加工
600420,化学制药
600421,综合Ⅱ
600422,中药Ⅱ
600423,化学制品
600425,水泥制造
600426,化学制品
600428,航运Ⅱ
600429,食品加工
600433,造纸Ⅱ
600435,地面兵装
600436,中药Ⅱ
600438,电源设备
600439,家用轻工
600444,专用设备
600446,计算机应用
600448,纺织制造
600449,水泥制造
600452,电力
600456,稀有金属
600458,化学制品
600459,稀有金属
600460,半导体
600461,水务Ⅱ
600462,物流Ⅱ
600463,园区开发Ⅱ
600466,房地产开发Ⅱ
600467,渔业
600468,高低压设备
600469,橡胶
600470,化学制品
600475,电源设备
600476,计算机应用
600477,专业工程
600478,电子制造
600479,中药Ⅱ
600480,汽车零部件
600481,通用机械
600482,船舶制造
600483,电力
600485,通信设备
600486,化学制品
600487,通信设备
600488,化学制药
600489,黄金
600490,工业金属
600491,房屋建设
600493,纺织制造
600495,运输设备
600496,专业工程
600497,工业金属
600498,通信设备
600499,专用设备
600500,化学制品
600501,专用设备
600502,基础建设
600503,房地产开发Ⅱ
600505,电力
600506,种植业
600507,钢铁
600508,煤炭开采Ⅱ
600509,电力
600510,房地产开发Ⅱ
600511,医药商业Ⅱ
600512,基础建设
600513,化学制药
600515,房地产开发Ⅱ
600516,金属非金属新材料
600517,高低压设备
600518,中药Ⅱ
600519,饮料制造
600520,专用设备
600521,化学制药
600522,通信设备
600523,汽车零部件
600525,电气自动化设备
600526,专用设备
600527,化学纤维
600528,运输设备
600529,医疗器械Ⅱ
600530,生物制品Ⅱ
600531,工业金属
600532,其他采掘Ⅱ
600533,房地产开发Ⅱ
600535,中药Ⅱ
600536,计算机应用
600537,电源设备
600538,中药Ⅱ
600539,家用轻工
600540,种植业
600543,饮料制造
600545,专用设备
600546,煤炭开采Ⅱ
600547,黄金
600548,高速公路Ⅱ
600549,稀有金属
600550,高低压设备
600551,文化传媒
600552,光学光电子
600555,旅游综合Ⅱ
600556,综合Ⅱ
600557,中药Ⅱ
600558,金属制品
600559,饮料制造
600560,专用设备
600561,公交Ⅱ
600562,地面兵装
600563,元件Ⅱ
600565,房地产开发Ⅱ
600566,中药Ⅱ
600567,造纸Ⅱ
600568,房地产开发Ⅱ
600569,钢铁
600570,计算机应用
600571,计算机应用
600572,中药Ⅱ
600573,饮料制造
600575,物流Ⅱ
600576,文化传媒
600577,高低压设备
600578,电力
600579,专用设备
600580,电机
600581,钢铁
600582,专用设备
600583,采掘服务
600584,半导体
600585,水泥制造
600586,玻璃制造
600587,医疗器械Ⅱ
600588,计算机应用
600589,化学制品
600590,电气自动化设备
600592,通用机械
600593,景点
600594,中药Ⅱ
600595,工业金属
600596,化学制品
600597,食品加工
600598,种植业
600599,多元金融
600600,饮料制造
600601,元件Ⅱ
600602,计算机应用
600603,物流Ⅱ
600604,园区开发Ⅱ
600605,电力
600606,房地产开发Ⅱ
600608,贸易Ⅱ
600609,汽车零部件
600611,公交Ⅱ
600612,家用轻工
600614,金属非金属新材料
600615,金属非金属新材料
600616,饮料制造
600617,燃气Ⅱ
600618,化学原料
600619,白色家电
600620,综合Ⅱ
600621,证券
600622,房地产开发Ⅱ
600623,化学制品
600624,化学制药
600626,纺织制造
600628,一般零售
600629,房屋建设
600630,服装家纺
600633,互联网传媒
600634,互联网传媒
600635,燃气Ⅱ
600636,文化传媒
600637,文化传媒
600638,房地产开发Ⅱ
600639,园区开发Ⅱ
600640,互联网传媒
600641,房地产开发Ⅱ
600642,电力
600643,多元金融
600644,电力
600645,生物制品Ⅱ
600647,房地产开发Ⅱ
600648,园区开发Ⅱ
600649,房地产开发Ⅱ
600650,公交Ⅱ
600652,互联网传媒
600653,汽车服务
600654,计算机应用
600655,专业零售
600657,房地产开发Ⅱ
600658,园区开发Ⅱ
600660,汽车零部件
600661,文化传媒
600662,公交Ⅱ
600663,园区开发Ⅱ
600664,化学制药
600665,房地产开发Ⅱ
600666,光学光电子
600667,半导体
600668,水泥制造
600671,中药Ⅱ
600673,化学制药
600674,电力
600675,房地产开发Ⅱ
600676,汽车零部件
600677,航天装备
600678,其他建材
600679,其他交运设备
600681,燃气Ⅱ
600682,一般零售
600683,房地产开发Ⅱ
600684,房地产开发Ⅱ
600685,船舶制造
600686,汽车整车
600687,黄金
600688,石油化工
600689,纺织制造
600690,白色家电
600691,化学制品
600692,房地产开发Ⅱ
600693,一般零售
600694,一般零售
600695,多元金融
600696,综合Ⅱ
600697,一般零售
600698,汽车零部件
600699,汽车零部件
600701,计算机应用
600702,饮料制造
600703,光学光电子
600704,物流Ⅱ
600705,多元金融
600707,光学光电子
600708,房地产开发Ⅱ
600710,贸易Ⅱ
600711,稀有金属
600712,一般零售
600713,医药商业Ⅱ
600714,化学原料
600715,文化传媒
600716,房地产开发Ⅱ
600717,港口Ⅱ
600718,计算机应用
600719,电力
600720,水泥制造
600721,医疗服务Ⅱ
600722,化学原料
600723,一般零售
600724,房地产开发Ⅱ
600725,贸易Ⅱ
600726,电力
600727,化学制品
600728,计算机应用
600729,一般零售
600730,综合Ⅱ
600731,化学制品
600732,电源设备
600733,汽车整车
600734,通信设备
600735,家用轻工
600736,房地产开发Ⅱ
600737,农产品加工
600738,商业物业经营
600739,生物制品Ⅱ
600740,煤炭开采Ⅱ
600741,汽车零部件
600742,汽车零部件
600743,房地产开发Ⅱ
600744,电力
600745,电子制造
600746,化学制品
600747,综合Ⅱ
600748,房地产开发Ⅱ
600749,景点
600750,中药Ⅱ
600751,其他电子
600753,贸易Ⅱ
600754,酒店Ⅱ
600755,贸易Ⅱ
600756,计算机应用
600757,文化传媒
600758,煤炭开采Ⅱ
600759,石油开采Ⅱ
600760,航空装备
600761,专用设备
600763,医疗服务Ⅱ
600764,地面兵装
600765,通用机械
600766,黄金
600767,医疗服务Ⅱ
600768,工业金属
600769,房屋建设
600770,半导体
600771,中药Ⅱ
600773,房地产开发Ⅱ
600774,一般零售
600775,通信设备
600776,通信设备
600777,石油开采Ⅱ
600778,一般零售
600779,饮料制造
600780,电力
600781,化学制药
600782,钢铁
600783,多元金融
600784,综合Ⅱ
600785,一般零售
600787,物流Ⅱ
600789,化学制药
600790,商业物业经营
600791,房地产开发Ⅱ
600792,煤炭开采Ⅱ
600793,造纸Ⅱ
600794,物流Ⅱ
600795,电力
600796,生物制品Ⅱ
600797,计算机应用
600798,航运Ⅱ
600800,计算机设备
600801,水泥制造
600802,水泥制造
600803,综合Ⅱ
600804,通信设备
600805,高速公路Ⅱ
600807,房地产开发Ⅱ
600808,钢铁
600809,饮料制造
600810,化学纤维
600811,综合Ⅱ
600812,化学制药
600814,一般零售
600815,专用设备
600816,多元金融
600817,综合Ⅱ
600818,其他交运设备
600819,玻璃制造
600820,基础建设
600821,一般零售
600822,贸易Ⅱ
600823,房地产开发Ⅱ
600824,服装家纺
600825,文化传媒
600826,贸易Ⅱ
600827,一般零售
600828,一般零售
600829,医药商业Ⅱ
600830,多元金融
600831,文化传媒
600833,医药商业Ⅱ
600834,公交Ⅱ
600835,专用设备
600836,包装印刷Ⅱ
600837,证券
600838,一般零售
600839,视听器材
600841,通用机械
600843,专用设备
600844,化学制品
600845,计算机应用
600846,房屋建设
600847,电源设备
600848,园区开发Ⅱ
600850,计算机应用
600851,化学制药
600853,基础建设
600854,白色家电
600855,计算机设备
600856,燃气Ⅱ
600857,一般零售
600858,一般零售
600859,一般零售
600860,金属制品
600861,一般零售
600862,航空装备
600863,电力
600864,证券
600865,一般零售
600866,食品加工
600867,生物制品Ⅱ
600868,电力
600869,高低压设备
600870,贸易Ⅱ
600871,采掘服务
600872,食品加工
600873,农产品加工
600874,水务Ⅱ
600875,电源设备
600876,玻璃制造
600877,电源设备
600879,航天装备
600880,文化传媒
600881,水泥制造
600882,食品加工
600883,水泥制造
600884,其他电子
600885,高低压设备
600886,电力
600887,食品加工
600888,工业金属
600889,化学纤维
600890,房地产开发Ⅱ
600891,家用轻工
600892,互联网传媒
600893,航空装备
600894,专用设备
600895,园区开发Ⅱ
600896,医疗服务Ⅱ
600897,机场Ⅱ
600898,通信设备
600900,电力
600901,多元金融
600903,燃气Ⅱ
600908,银行
600909,证券
600917,燃气Ⅱ
600919,银行
600926,银行
600929,化学原料
600933,汽车零部件
600936,文化传媒
600939,房屋建设
600958,证券
600959,文化传媒
600960,汽车零部件
600961,工业金属
600962,饮料制造
600963,造纸Ⅱ
600965,综合Ⅱ
600966,造纸Ⅱ
600967,地面兵装
600968,采掘服务
600969,电力
600970,专业工程
600971,煤炭开采Ⅱ
600973,高低压设备
600975,畜禽养殖
600976,中药Ⅱ
600977,文化传媒
600978,家用轻工
600979,电力
600980,专用设备
600981,贸易Ⅱ
600982,电力
600983,白色家电
600984,专用设备
600985,煤炭开采Ⅱ
600986,营销传播
600987,纺织制造
600988,黄金
600989,化学制品
600990,地面兵装
600992,金属制品
600993,中药Ⅱ
600995,电力
600996,文化传媒
600997,煤炭开采Ⅱ
600998,医药商业Ⅱ
600999,证券
601000,港口Ⅱ
601001,煤炭开采Ⅱ
601002,通用机械
601003,钢铁
601005,钢铁
601006,铁路运输Ⅱ
601007,酒店Ⅱ
601008,港口Ⅱ
601009,银行
601010,一般零售
601011,煤炭开采Ⅱ
601012,电源设备
601015,煤炭开采Ⅱ
601016,电力
601018,港口Ⅱ
601019,文化传媒
601020,工业金属
601021,航空运输Ⅱ
601028,金属制品
601038,专用设备
601058,橡胶
601066,证券
601068,专业工程
601069,黄金
601077,银行
601086,一般零售
601088,煤炭开采Ⅱ
601098,文化传媒
601099,证券
601100,通用机械
601101,煤炭开采Ⅱ
601106,专用设备
601107,高速公路Ⅱ
601108,证券
601111,航空运输Ⅱ
601113,一般零售
601116,一般零售
601117,专业工程
601118,种植业
601126,电气自动化设备
601127,汽车整车
601128,银行
601137,工业金属
601138,电子制造
601139,燃气Ⅱ
601155,房地产开发Ⅱ
601158,水务Ⅱ
601162,证券
601163,橡胶
601166,银行
601168,工业金属
601169,银行
601177,通用机械
601179,高低压设备
601186,基础建设
601188,高速公路Ⅱ
601198,证券
601199,水务Ⅱ
601200,环保工程及服务
601208,塑料Ⅱ
601211,证券
601212,工业金属
601216,化学原料
601218,电源设备
601222,电气自动化设备
601225,煤炭开采Ⅱ
601226,专业工程
601228,港口Ⅱ
601229,银行
601231,电子制造
601233,化学纤维
601236,证券
601238,汽车整车
601258,汽车服务
601288,银行
601298,港口Ⅱ
601311,汽车零部件
601318,保险
601326,港口Ⅱ
601328,银行
601330,环保工程及服务
601333,铁路运输Ⅱ
601336,保险
601339,纺织制造
601360,计算机应用
601366,一般零售
601368,水务Ⅱ
601369,通用机械
601375,证券
601377,证券
601388,工业金属
601390,基础建设
601398,银行
601500,橡胶
601515,包装印刷Ⅱ
601518,高速公路Ⅱ
601519,计算机应用
601555,证券
601558,电源设备
601566,服装家纺
601567,电气自动化设备
601577,银行
601579,饮料制造
601588,房地产开发Ⅱ
601595,文化传媒
601598,物流Ⅱ
601599,纺织制造
601600,工业金属
601601,保险
601606,地面兵装
601607,医药商业Ⅱ
601608,专用设备
601611,基础建设
601615,电源设备
601616,高低压设备
601618,专业工程
601619,电力
601628,保险
601633,汽车整车
601636,玻璃制造
601666,煤炭开采Ⅱ
601668,房屋建设
601669,基础建设
601677,工业金属
601678,化学原料
601688,证券
601698,航天装备
601699,煤炭开采Ⅱ
601717,汽车零部件
601718,服装家纺
601727,电源设备
601766,运输设备
601777,汽车整车
601788,证券
601789,房屋建设
601798,专用设备
601799,汽车零部件
601800,基础建设
601801,文化传媒
601808,采掘服务
601811,文化传媒
601818,银行
601828,商业物业经营
601838,银行
601857,石油开采Ⅱ
601858,文化传媒
601860,银行
601865,玻璃制造
601866,航运Ⅱ
601869,通信设备
601872,航运Ⅱ
601877,高低压设备
601878,证券
601880,港口Ⅱ
601881,证券
601882,通用机械
601886,装修装饰
601888,旅游综合Ⅱ
601890,船舶制造
601898,煤炭开采Ⅱ
601899,黄金
601900,文化传媒
601901,证券
601908,电力
601916,银行
601918,煤炭开采Ⅱ
601919,航运Ⅱ
601928,文化传媒
601929,文化传媒
601933,一般零售
601939,银行
601949,文化传媒
601952,种植业
601958,稀有金属
601965,汽车服务
601966,橡胶
601968,包装印刷Ⅱ
601969,其他采掘Ⅱ
601975,航运Ⅱ
601985,电力
601988,银行
601989,船舶制造
601990,证券
601991,电力
601992,水泥制造
601996,家用轻工
601997,银行
601998,银行
601999,文化传媒
603000,互联网传媒
603001,服装家纺
603002,化学制品
603003,贸易Ⅱ
603005,半导体
603006,汽车零部件
603007,园林工程
603008,家用轻工
603009,汽车零部件
603010,化学制品
603011,专用设备
603012,专用设备
603013,汽车零部件
603015,电气自动化设备
603016,高低压设备
603017,房屋建设
603018,基础建设
603019,计算机设备
603020,食品加工
603021,家用轻工
603022,包装印刷Ⅱ
603023,汽车零部件
603025,电气自动化设备
603026,化学制品
603027,食品加工
603028,金属制品
603029,专用设备
603030,装修装饰
603031,一般零售
603032,公交Ⅱ
603033,橡胶
603035,汽车零部件
603036,专用设备
603037,汽车零部件
603038,其他建材
603039,计算机应用
603040,汽车零部件
603041,化学制品
603042,通信设备
603043,食品加工
603045,金属非金属新材料
603050,电气自动化设备
603055,纺织制造
603056,物流Ⅱ
603058,包装印刷Ⅱ
603059,家用轻工
603060,综合Ⅱ
603063,电源设备
603066,物流Ⅱ
603067,化学原料
603068,半导体
603069,公交Ⅱ
603076,专用设备
603077,化学原料
603078,化学制品
603079,化学制药
603080,燃气Ⅱ
603081,专用设备
603083,通信设备
603085,汽车零部件
603086,化学制品
603088,通用机械
603089,汽车零部件
603090,通用机械
603093,多元金融
603096,文化传媒
603098,专业工程
603099,景点
603100,电气自动化设备
603101,一般零售
603103,文化传媒
603105,电源设备
603106,计算机设备
603108,医疗服务Ⅱ
603110,化学制品
603111,运输设备
603113,煤炭开采Ⅱ
603115,工业金属
603116,服装家纺
603117,物流Ⅱ
603118,通信设备
603121,汽车零部件
603123,一般零售
603126,环保工程及服务
603127,医疗服务Ⅱ
603128,物流Ⅱ
603129,其他交运设备
603131,通用机械
603133,化学制品
603136,景点
603138,计算机应用
603139,中药Ⅱ
603156,饮料制造
603157,服装家纺
603158,汽车零部件
603159,专用设备
603160,半导体
603161,汽车零部件
603165,造纸Ⅱ
603166,汽车零部件
603167,航运Ⅱ
603168,化学制药
603169,专用设备
603177,环保工程及服务
603178,汽车零部件
603179,汽车零部件
603180,家用轻工
603181,化学制品
603183,专业工程
603185,电源设备
603186,元件Ⅱ
603187,通用机械
603188,化学制品
603189,计算机应用
603192,化学制品
603196,服装家纺
603197,汽车零部件
603198,饮料制造
603199,景点
603200,环保工程及服务
603203,专用设备
603208,家用轻工
603214,专业零售
603217,化学制品
603218,电源设备
603220,通信设备
603222,化学制药
603223,物流Ⅱ
603225,化学纤维
603226,家用轻工
603227,化学制品
603228,元件Ⅱ
603229,化学制药
603232,计算机应用
603233,医药商业Ⅱ
603236,通信设备
603238,纺织制造
603239,汽车零部件
603256,化学制品
603258,互联网传媒
603259,医疗服务Ⅱ
603260,金属非金属新材料
603266,塑料Ⅱ
603267,元件Ⅱ
603268,家用轻工
603269,通用机械
603277,通用机械
603278,金属制品
603279,专用设备
603283,专用设备
603286,汽车零部件
603288,食品加工
603289,专用设备
603297,光学光电子
603298,专用设备
603299,化学原料
603300,多元金融
603301,医疗器械Ⅱ
603303,光学光电子
603305,汽车零部件
603306,汽车零部件
603308,通用机械
603309,医疗器械Ⅱ
603311,专用设备
603313,家用轻工
603315,通用机械
603316,园林工程
603317,食品加工
603318,专用设备
603319,汽车零部件
603320,电机
603321,专用设备
603322,通信设备
603323,银行
603326,家用轻工
603327,电子制造
603328,元件Ⅱ
603329,物流Ⅱ
603330,化学制品
603331,通用机械
603332,化学纤维
603333,高低压设备
603335,汽车零部件
603336,农产品加工
603337,专用设备
603338,专用设备
603339,通用机械
603345,食品加工
603348,汽车零部件
603351,化学制药
603355,白色家电
603356,专用设备
603357,基础建设
603358,汽车零部件
603359,园林工程
603360,化学制品
603363,饲料Ⅱ
603365,服装家纺
603366,白色家电
603367,医疗器械Ⅱ
603368,医药商业Ⅱ
603369,饮料制造
603377,汽车服务
603378,化学制品
603379,化学制品
603380,电子制造
603383,计算机应用
603385,家用轻工
603386,元件Ⅱ
603387,医疗器械Ⅱ
603388,园林工程
603389,家用轻工
603390,计算机设备
603393,燃气Ⅱ
603396,电源设备
603398,家用轻工
603399,稀有金属
603416,电气自动化设备
603421,通信设备
603429,包装印刷Ⅱ
603444,互联网传媒
603456,化学制药
603458,基础建设
603466,装修装饰
603477,纺织制造
603486,白色家电
603488,专用设备
603489,电机
603496,计算机设备
603499,包装印刷Ⅱ
603500,运输设备
603501,半导体
603505,其他采掘Ⅱ
603506,房地产开发Ⅱ
603507,电源设备
603508,计算机应用
603515,光学光电子
603516,计算机设备
603517,食品加工
603518,服装家纺
603519,白色家电
603520,化学制药
603527,工业金属
603528,汽车服务
603530,高低压设备
603533,互联网传媒
603535,物流Ⅱ
603536,食品加工
603538,化学制药
603555,服装家纺
603556,仪器仪表
603557,服装家纺
603558,服装家纺
603559,通信设备
603566,动物保健
603567,中药Ⅱ
603568,环保工程及服务
603569,物流Ⅱ
603577,高低压设备
603578,白色家电
603579,白色家电
603580,塑料Ⅱ
603583,电机
603585,化学制品
603586,汽车零部件
603587,服装家纺
603588,环保工程及服务
603589,饮料制造
603590,生物制品Ⅱ
603595,通用机械
603596,汽车零部件
603598,营销传播
603599,化学制品
603600,家用轻工
603601,化学制品
603602,通信设备
603603,环保工程及服务
603605,化学制品
603606,高低压设备
603607,包装印刷Ⅱ
603608,服装家纺
603609,饲料Ⅱ
603610,家用轻工
603611,专用设备
603612,金属非金属新材料
603613,专业零售
603615,塑料Ⅱ
603616,其他建材
603617,通用机械
603618,高低压设备
603619,采掘服务
603626,金属制品
603628,电源设备
603629,电子制造
603630,化学制品
603633,电子制造
603636,计算机应用
603637,专业工程
603638,专用设备
603639,化学制品
603648,物流Ⅱ
603650,化学制品
603655,汽车零部件
603656,专用设备
603657,白色家电
603658,医疗器械Ⅱ
603659,其他电子
603660,计算机设备
603661,家用轻工
603662,仪器仪表
603663,稀有金属
603665,服装家纺
603666,通用机械
603667,通用机械
603668,饲料Ⅱ
603669,化学制药
603676,化学制药
603677,白色家电
603678,元件Ⅱ
603679,光学光电子
603680,运输设备
603681,化学制品
603683,化学制品
603685,光学光电子
603686,专用设备
603687,包装印刷Ⅱ
603688,金属非金属新材料
603689,燃气Ⅱ
603690,专用设备
603693,电力
603696,食品加工
603697,食品加工
603698,专业工程
603699,通用机械
603700,仪器仪表
603701,汽车零部件
603703,通信设备
603706,燃气Ⅱ
603707,化学制药
603708,一般零售
603709,家用轻工
603711,饮料制造
603712,通信设备
603713,物流Ⅱ
603716,医药商业Ⅱ
603717,园林工程
603718,动物保健
603721,文化传媒
603722,化学制品
603725,化学制品
603726,白色家电
603727,采掘服务
603728,电机
603729,营销传播
603730,汽车零部件
603733,造纸Ⅱ
603737,化学制品
603738,元件Ⅱ
603739,动物保健
603755,食品加工
603757,通用机械
603766,其他交运设备
603767,汽车零部件
603768,汽车零部件
603773,光学光电子
603776,其他交运设备
603777,食品加工
603778,园林工程
603779,饮料制造
603786,汽车零部件
603787,其他交运设备
603788,汽车零部件
603789,专用设备
603790,化学制品
603797,水务Ⅱ
603798,石油化工
603799,稀有金属
603800,专用设备
603801,家用轻工
603803,通信设备
603806,电源设备
603808,服装家纺
603809,汽车零部件
603810,化学制品
603811,化学制药
603813,物流Ⅱ
603815,基础建设
603816,家用轻工
603817,水务Ⅱ
603818,家用轻工
603819,电机
603822,化学制品
603823,化学制品
603825,营销传播
603826,金属非金属新材料
603828,装修装饰
603829,高低压设备
603833,家用轻工
603838,家用轻工
603839,服装家纺
603843,基础建设
603848,家用轻工
603855,专用设备
603856,其他建材
603858,中药Ⅱ
603859,电气自动化设备
603860,基础建设
603861,高低压设备
603863,造纸Ⅱ
603866,食品加工
603867,化学制品
603868,白色家电
603869,计算机应用
603871,物流Ⅱ
603876,工业金属
603877,服装家纺
603878,钢铁
603879,化学制品
603880,医疗器械Ⅱ
603881,计算机应用
603882,医疗服务Ⅱ
603883,医药商业Ⅱ
603885,航空运输Ⅱ
603886,食品加工
603887,房屋建设
603888,互联网传媒
603889,纺织制造
603890,电子制造
603895,专用设备
603896,中药Ⅱ
603897,高低压设备
603898,家用轻工
603899,家用轻工
603900,专业零售
603901,专用设备
603903,水务Ⅱ
603906,石油化工
603908,服装家纺
603909,基础建设
603912,专用设备
603915,通用机械
603916,化学制品
603917,汽车零部件
603918,计算机应用
603919,饮料制造
603920,元件Ⅱ
603922,汽车零部件
603926,汽车零部件
603927,计算机应用
603928,化学原料
603929,专业工程
603933,半导体
603936,元件Ⅱ
603937,其他建材
603938,化学制品
603939,医药商业Ⅱ
603955,园林工程
603956,专用设备
603958,服装家纺
603959,专业工程
603960,通用机械
603963,中药Ⅱ
603966,专用设备
603967,物流Ⅱ
603968,化学制品
603969,金属制品
603970,化学制品
603976,医疗器械Ⅱ
603977,化学制品
603978,金属非金属新材料
603979,采掘服务
603980,化学制品
603982,汽车零部件
603983,化学制品
603985,通用机械
603986,半导体
603987,医疗器械Ⅱ
603988,电机
603989,元件Ⅱ
603990,计算机应用
603991,塑料Ⅱ
603992,家用轻工
603993,稀有金属
603996,视听器材
603997,汽车零部件
603998,中药Ⅱ
603999,文化传媒
688001,专用设备
688002,其他电子
688003,专用设备
688005,其他电子
688006,专用设备
688007,光学光电子
688008,半导体
688009,运输设备
688010,光学光电子
688011,地面兵装
688012,专用设备
688015,运输设备
688016,医疗器械Ⅱ
688018,半导体
688019,半导体
688020,电子制造
688021,专用设备
688022,专用设备
688025,专用设备
688028,通用机械
688029,医疗器械Ⅱ
688030,计算机应用
688033,运输设备
688036,通信设备
688058,计算机应用
688066,航天装备
688068,医疗器械Ⅱ
688088,计算机应用
688098,动物保健
688099,半导体
688101,环保工程及服务
688108,医疗器械Ⅱ
688111,计算机应用
688116,金属非金属新材料
688122,金属非金属新材料
688128,专用设备
688138,光学光电子
688139,医疗器械Ⅱ
688166,化学制药
688168,计算机应用
688188,计算机应用
688196,环保工程及服务
688199,化学制品
688202,医疗服务Ⅱ
688288,计算机设备
688299,塑料Ⅱ
688300,金属非金属新材料
688310,专用设备
688321,化学制药
688358,医疗器械Ⅱ
688363,生物制品Ⅱ
688366,医疗器械Ⅱ
688368,半导体
688369,计算机应用
688388,工业金属
688389,医疗器械Ⅱ
830799,计算机应用
830809,化学制品
831063,计算机应用
831102,畜禽养殖
831173,医药商业Ⅱ
831213,石油化工
831274,电子制造
831406,电气设备
831475,通用设备
831856,专用设备
831895,医疗器械服务
831971,商业物业经营
832003,通信设备
832238,化学制品
832255,计算机应用
832283,电源设备
832388,金属非金属新材料
832491,半导体及元件
832709,光学光电子
832861,医疗器械服务
833047,医疗器械服务
833137,汽车零部件
833629,计算机应用
833645,计算机设备
833831,基础化学
834021,通信服务
834195,互联网传媒
834316,贸易Ⅱ
834765,家用轻工
834779,塑料Ⅱ
835147,造纸Ⅱ
836019,交运设备服务
836099,包装印刷
837069,计算机应用
838966,互联网传媒
838982,电源设备
872521,纺织制造
