股票代码,pid
000001,33004
000002,15821
000004,22607
000005,44835
000006,17903
000007,4765
000008,16198
000009,48411
000010,36058
000011,33399
000012,32842
000014,7972
000016,2417
000017,7692
000018,8984
000019,7843
000020,25212
000021,9105
000023,22425
000025,20259
000026,49022
000027,49958
000028,22760
000030,34960
000031,14974
000032,24316
000034,29221
000035,9387
000036,27842
000037,33926
000038,2845
000039,14527
000042,16814
000043,39186
000045,19129
000046,23690
000048,19878
000049,23780
000050,37050
000055,44617
000056,9922
000058,11098
000059,19081
000060,32412
000061,47602
000062,15474
000063,43425
000065,12799
000066,28857
000068,40599
000069,28927
000070,22732
000078,44500
000088,53031
000089,27900
000090,33419
000096,36612
000099,11717
000100,46229
000150,21450
000151,37097
000153,50438
000155,3293
000156,42641
000157,23358
000158,27765
000159,48897
000166,24544
000301,30012
000333,16734
000338,1052
000400,46058
000401,21773
000402,49865
000403,23791
000404,4411
000407,1611
000408,44944
000409,48271
000410,11849
000415,35921
000416,24641
000417,28532
000419,20282
000420,41600
000421,36485
000422,26999
000423,14937
000425,30677
000426,29216
000428,48423
000429,40586
000430,12460
000488,3732
000498,26932
000501,53227
000502,11372
000503,8400
000504,47535
000505,52265
000506,14607
000507,23246
000509,2321
000510,18407
000513,33213
000514,25881
000517,3019
000518,12050
000519,33183
000520,35899
000521,48269
000523,33771
000524,38011
000525,8239
000526,22320
000528,16630
000529,4489
000530,48901
000531,15721
000532,49610
000533,30891
000534,4335
000536,25885
000537,41937
000538,34309
000539,3225
000540,43712
000541,18773
000543,50591
000544,11356
000545,47207
000546,41315
000547,45851
000548,9845
000550,19963
000551,38804
000552,33173
000553,32057
000554,17930
000555,29221
000557,1717
000558,38731
000559,31367
000560,5650
000561,47747
000563,18931
000564,21033
000565,47461
000566,4081
000567,38908
000568,30455
000570,17849
000571,1351
000572,31379
000573,3508
000576,52926
000581,49540
000582,13687
000584,39841
000585,13804
000586,48248
000587,11955
000589,22168
000590,11393
000591,38021
000592,18310
000593,52249
000595,39257
000596,39084
000598,34127
000599,18796
000600,4887
000601,53778
000603,37709
000605,29126
000606,425
000607,33913
000608,46086
000609,10366
000611,32449
000612,16266
000613,39482
000615,6912
000616,1431
000617,2139
000619,38689
000620,16708
000622,16535
000623,22673
000625,53098
000626,47153
000627,5344
000628,3015
000629,18159
000630,26399
000631,31367
000632,22773
000633,22777
000635,4603
000636,40871
000637,19397
000638,19387
000639,30448
000650,30639
000651,2160
000652,35769
000655,1085
000656,16638
000657,20329
000659,35723
000661,11384
000662,2795
000663,54099
000665,29305
000666,50776
000667,38865
000668,42484
000669,27389
000670,6516
000671,43927
000672,51260
000673,7717
000676,16871
000677,15206
000678,49763
000679,24976
000680,37264
000681,20337
000682,47448
000683,25113
000685,6834
000686,4889
000687,15785
000688,19517
000690,18117
000691,3882
000692,12080
000695,9947
000697,47825
000698,11524
000700,33358
000701,18553
000702,47
000703,7651
000705,36511
000707,32476
000708,48987
000709,1590
000710,40399
000711,23984
000712,8888
000713,29509
000715,1548
000716,32701
000717,19539
000718,52958
000719,48482
000720,13663
000722,28910
000723,38164
000725,6983
000726,39216
000727,8696
000728,37131
000729,27362
000731,13540
000732,26213
000733,48745
000735,39702
000736,235
000737,7418
000738,23237
000739,51048
000750,40765
000751,32935
000752,373
000753,53983
000755,51256
000756,51062
000757,39565
000759,38065
000760,12157
000761,11873
000762,5262
000766,6793
000767,43629
000768,54035
000776,32730
000777,18738
000778,50633
000779,52178
000780,8116
000782,43651
000783,51113
000785,48044
000786,18456
000788,2670
000789,2774
000790,29942
000791,2412
000792,20985
000793,13646
000795,24089
000796,49927
000797,23859
000798,20006
000799,18531
000800,21824
000801,27524
000802,12891
000803,52931
000806,20450
000807,53805
000809,35208
000810,40939
000811,13625
000812,5366
000813,52233
000815,2624
000816,36486
000818,8458
000819,42105
000820,2653
000821,53241
000822,32349
000823,52259
000825,22968
000826,33349
000828,1705
000829,29428
000830,24224
000831,27891
000833,41780
000835,23316
000836,35758
000837,9970
000838,52923
000839,49158
000848,39741
000850,19658
000851,2300
000852,42650
000858,33296
000859,13360
000860,40034
000861,2226
000862,43605
000863,37959
000868,5497
000869,11709
000875,7237
000876,34372
000877,45205
000878,38746
000880,15676
000881,25863
000882,2579
000883,44548
000885,10577
000886,11314
000887,32340
000888,53555
000889,904
000890,6104
000892,43382
000893,27610
000895,14785
000897,22944
000898,51340
000899,27166
000900,47913
000901,7276
000902,33013
000903,31790
000905,12990
000906,44784
000908,51158
000909,13027
000910,31801
000911,52401
000912,5785
000913,11053
000915,54045
000917,36475
000918,30859
000919,1772
000920,39436
000921,37387
000922,46360
000923,8228
000925,22475
000926,350
000927,31012
000928,20312
000929,14924
000930,23971
000931,1820
000932,4367
000933,7985
000935,28736
000936,42836
000937,44453
000938,40349
000948,33983
000949,22039
000950,29227
000951,4658
000952,14656
000953,25600
000955,26496
000957,40822
000958,8973
000959,38755
000960,28587
000961,222
000962,24361
000963,52137
000965,3659
000966,23065
000967,26586
000968,25053
000969,22310
000970,47996
000971,39213
000973,12143
000975,27429
000976,19395
000977,38920
000978,20735
000980,17346
000981,13021
000982,35844
000983,17020
000985,11227
000987,1099
000988,5030
000989,10674
000990,21627
000993,821
000996,41905
000997,573
000998,24413
000999,17137
001696,32155
001872,27670
001896,21238
001965,25851
001979,39186
002001,45239
002002,20192
002003,49915
002004,31033
002005,49866
002006,31668
002007,32670
002009,36105
002010,40130
002012,12077
002013,24616
002014,18155
002015,25225
002016,16968
002017,42157
002019,23339
002020,5225
002021,1649
002022,26807
002023,13069
002024,23451
002025,50353
002026,25158
002027,53789
002028,47609
002029,21766
002030,50873
002031,44717
002032,26183
002033,30804
002034,14554
002035,4275
002036,43343
002037,10472
002038,33584
002039,30029
002040,12027
002041,51390
002042,21143
002043,38070
002044,19036
002045,4333
002046,53052
002047,49816
002048,54169
002049,6536
002050,19715
002051,33603
002052,19286
002053,24673
002054,35759
002055,48011
002056,9113
002057,22078
002058,16567
002059,37161
002060,41064
002061,1269
002062,36873
002063,28152
002064,11196
002065,12086
002066,11870
002067,30479
002068,28258
002069,5871
002071,10341
002072,50850
002073,45832
002074,38493
002075,33602
002076,41880
002077,47863
002078,25203
002079,38341
002080,46022
002081,40898
002082,42738
002083,16527
002084,27408
002085,19737
002086,28477
002087,51958
002088,24306
002089,26759
002090,1350
002091,3024
002092,21323
002093,51276
002094,42688
002095,12167
002096,6828
002097,48397
002098,16997
002099,37379
002100,40131
002101,13675
002102,27025
002103,49402
002104,265
002105,4567
002106,3617
002107,28344
002108,15393
002109,41178
002110,43801
002111,25004
002112,12762
002113,47040
002114,19722
002115,34072
002116,26488
002117,3550
002118,15452
002119,31560
002120,48678
002121,421
002122,3047
002123,6847
002124,36654
002125,48777
002126,29536
002127,28602
002128,29269
002129,35587
002130,46671
002131,35841
002132,38017
002133,52091
002134,32060
002135,13103
002136,40569
002137,11399
002138,3017
002139,49581
002140,20606
002141,44115
002142,48709
002144,43134
002145,46714
002146,53987
002147,8897
002148,47474
002149,27391
002150,29757
002151,15930
002152,3999
002153,20263
002154,41597
002155,50253
002156,22860
002157,18712
002158,36991
002159,47550
002160,28564
002161,32720
002162,16669
002163,30760
002164,13905
002165,17740
002166,20576
002167,3219
002168,44070
002169,19747
002170,38163
002171,5770
002172,48555
002174,47183
002175,794
002176,7712
002177,52994
002178,29369
002179,5748
002180,61
002181,18918
002182,13738
002183,26048
002184,38813
002185,26156
002186,2316
002187,16123
002188,12807
002189,30334
002190,33556
002191,20628
002192,51638
002193,7534
002194,20150
002195,20126
002196,37477
002197,42229
002198,34296
002199,26583
002200,23912
002201,11121
002202,15788
002203,5033
002204,26325
002205,32946
002206,5976
002207,5351
002208,2125
002209,5983
002210,14710
002211,8979
002212,4260
002213,22404
002214,13578
002215,47311
002216,43930
002217,6291
002218,16234
002219,50155
002220,35729
002221,46493
002222,46487
002223,465
002224,6368
002225,9038
002226,21097
002227,49464
002228,14768
002229,36911
002230,49685
002231,22365
002233,27364
002234,34116
002235,29900
002236,28030
002237,5421
002238,38793
002239,12225
002240,24186
002241,8901
002242,47443
002243,30051
002244,44761
002245,10999
002246,35999
002247,26203
002248,28579
002249,34103
002250,31924
002251,49499
002252,4900
002253,14095
002255,46846
002256,41351
002258,45668
002259,31426
002261,27042
002262,53321
002263,42809
002264,45299
002265,32263
002266,45334
002267,48310
002268,29336
002269,47806
002270,17678
002271,38775
002272,41
002273,33046
002274,44973
002275,51898
002276,35104
002277,7744
002278,2979
002279,38026
002280,39958
002281,42293
002282,7342
002283,30685
002284,48942
002286,15431
002287,3220
002288,5661
002289,13773
002290,24890
002291,32942
002292,1692
002293,13276
002294,53615
002295,10268
002296,25381
002297,17371
002298,15228
002299,51407
002300,523
002301,5336
002302,39306
002303,17663
002304,7242
002305,44493
002306,43337
002307,14692
002308,31344
002309,4162
002310,9208
002311,43084
002312,48961
002313,47544
002314,35138
002315,50793
002316,8124
002317,21974
002318,49491
002319,17207
002320,26753
002321,21204
002322,4974
002324,10492
002325,16145
002326,17171
002327,19630
002328,42196
002329,50940
002330,44635
002331,47768
002332,19492
002333,29067
002334,47346
002335,32586
002336,45278
002337,18690
002338,13886
002339,49408
002340,25913
002341,3306
002342,46503
002343,43200
002344,20604
002345,26039
002346,32165
002347,50757
002348,643
002349,27622
002350,52461
002351,29481
002352,18707
002353,31946
002354,16389
002355,6919
002356,23805
002357,16221
002358,8975
002359,48634
002360,894
002361,31160
002362,38105
002363,24709
002364,16317
002365,34992
002366,46050
002367,45318
002368,22788
002369,19287
002370,27763
002371,12140
002372,47245
002373,11260
002374,38897
002375,3078
002376,34691
002377,38737
002378,35394
002379,23793
002380,39832
002381,26292
002382,3801
002383,10773
002384,41437
002385,39366
002386,6004
002387,7263
002388,45200
002389,15830
002390,10061
002391,21221
002392,43067
002393,34791
002394,15556
002395,15491
002396,13031
002397,28979
002398,10618
002399,16236
002400,46693
002401,18162
002402,20574
002403,30770
002404,37257
002405,14149
002406,27999
002407,22731
002408,5023
002409,1272
002410,31936
002411,52338
002412,43033
002413,38533
002414,36710
002415,32214
002416,10351
002417,53783
002418,50987
002419,16683
002420,39207
002421,7822
002422,2881
002423,3962
002424,20658
002425,37034
002426,45971
002428,16344
002429,21887
002430,48324
002431,32308
002432,7147
002433,38999
002434,19403
002435,5891
002436,37318
002437,46609
002438,2279
002439,43670
002440,35151
002441,15128
002442,28488
002443,17699
002444,3826
002445,6024
002446,10913
002448,26157
002449,18773
002451,1680
002452,38738
002453,34135
002454,21295
002455,22886
002456,5252
002457,14096
002458,23227
002459,6498
002460,2609
002461,24068
002462,23835
002463,22029
002464,42698
002465,49129
002466,20608
002467,33512
002468,48955
002469,40960
002470,27917
002471,49912
002472,2766
002473,28234
002474,27901
002475,38251
002476,19792
002478,9367
002479,12144
002480,2291
002481,48859
002482,25249
002483,27832
002484,33156
002486,4128
002487,32552
002488,19203
002489,32195
002490,38049
002491,24726
002492,45055
002493,8765
002494,44159
002495,15812
002496,40253
002497,44955
002498,1869
002499,30836
002500,45003
002501,35817
002502,15503
002503,23815
002504,32171
002505,42323
002506,41313
002507,49474
002508,10033
002509,37601
002510,46959
002511,6398
002512,17141
002513,46684
002514,44065
002515,6021
002516,41490
002517,21619
002518,32903
002519,24887
002520,5856
002521,13746
002522,7321
002523,13623
002524,13599
002526,33051
002527,44620
002528,27984
002529,18719
002530,4381
002531,3370
002532,52208
002533,19769
002534,492
002535,52069
002536,34138
002537,9054
002538,31605
002539,13104
002540,37432
002541,20350
002542,20676
002543,32930
002544,13338
002545,46755
002546,51847
002547,47406
002548,53716
002549,34281
002550,43048
002551,12914
002552,27782
002553,39470
002554,10137
002555,1491
002556,34779
002557,20009
002558,23646
002559,51464
002560,25088
002561,40187
002562,16012
002563,52107
002564,37824
002565,25648
002566,36918
002567,10309
002568,32327
002569,41214
002570,14691
002571,48614
002572,45628
002573,17172
002574,36444
002575,38092
002576,39233
002577,10696
002578,24464
002579,8198
002580,31951
002581,41208
002582,14638
002583,24157
002584,37413
002585,21361
002586,53385
002587,2662
002588,36226
002589,1156
002590,27103
002591,10946
002592,18539
002593,47603
002594,879
002595,45546
002596,49221
002597,9553
002598,52513
002599,50013
002600,29210
002601,44218
002602,51285
002603,29423
002605,19440
002606,2781
002607,15033
002608,50918
002609,1025
002610,16241
002611,52889
002612,6986
002613,45637
002614,33411
002615,7406
002616,38173
002617,44950
002618,22932
002619,50920
002620,424
002621,14029
002622,29534
002623,20120
002624,28322
002625,10308
002626,45380
002627,27096
002628,30800
002629,5138
002630,26022
002631,11773
002632,47502
002633,19086
002634,32048
002635,15617
002636,21161
002637,47329
002638,37155
002639,34562
002640,964
002641,15037
002642,26328
002643,13492
002644,9749
002645,15848
002646,5583
002647,47029
002648,28877
002649,43189
002650,7026
002651,26869
002652,50332
002653,13745
002654,10098
002655,14054
002656,14326
002657,43647
002658,30174
002659,52131
002660,34324
002661,48358
002662,22479
002663,31109
002664,9817
002665,47224
002666,5484
002667,18689
002668,52796
002669,37235
002670,5799
002671,35178
002672,36281
002673,10921
002674,45578
002675,21702
002676,10844
002677,31603
002678,19886
002679,44531
002681,42782
002682,23128
002683,3612
002684,41364
002685,9225
002686,33077
002687,22221
002688,33694
002689,54031
002690,32194
002691,23298
002692,5362
002693,26989
002694,6344
002695,4612
002696,48611
002697,48762
002698,40051
002699,50672
002700,15630
002701,1096
002702,46191
002703,5622
002705,36347
002706,12195
002707,54185
002708,37547
002709,2846
002711,41991
002712,46158
002713,25682
002714,5093
002715,36870
002716,44601
002717,7857
002718,28191
002719,13013
002721,932
002722,13721
002723,3364
002725,52168
002726,19570
002727,47283
002728,19786
002729,22783
002730,16636
002731,41577
002732,10391
002733,2524
002734,32786
002735,156
002736,10400
002737,13009
002738,39429
002739,35903
002740,28412
002741,8829
002742,41659
002743,12987
002745,8279
002746,23767
002747,32867
002748,40598
002749,39976
002750,15349
002751,18281
002752,13224
002753,47678
002755,53404
002756,22635
002757,14536
002758,10142
002759,51055
002760,52299
002761,24646
002762,8272
002763,28956
002765,15062
002766,5196
002767,35057
002768,2970
002769,35726
002770,53361
002771,26957
002772,28514
002773,8747
002774,22687
002775,47655
002776,18148
002777,30339
002778,11615
002779,26096
002780,42922
002781,50350
002782,39367
002783,29352
002785,26541
002786,8233
002787,29977
002788,26071
002789,544
002790,41585
002791,5863
002792,6054
002793,30285
002795,26237
002796,42455
002797,38597
002798,23797
002800,3227
002801,33462
002802,24221
002803,23045
002805,9001
002806,21145
002807,8688
002808,3566
002809,15565
002810,10475
002811,31763
002812,5171
002813,43418
002815,15482
002816,5542
002817,41582
002818,43809
002819,12064
002820,15270
002821,41451
002822,31314
002823,48906
002824,52530
002825,2623
002826,7568
002827,48375
002828,27948
002829,19834
002830,7235
002831,46002
002832,51642
002833,47557
002835,2313
002836,11376
002837,1398
002838,39532
002839,22277
002840,31205
002841,28681
002842,35995
002843,9404
002845,46815
002846,41284
002847,27742
002848,43332
002849,15285
002850,20682
002851,19968
002852,665
002853,40360
002855,36923
002856,48372
002857,35735
002858,415
002859,46440
002860,16272
002861,11555
002862,31403
002863,32095
002864,48185
002865,5263
002866,53266
002867,47368
002868,41620
002869,34015
002870,22227
002871,11048
002872,33394
002873,13412
002875,16036
002876,19399
002877,5447
002878,13788
002879,12488
002880,22160
002881,33280
002882,51121
002883,38941
002884,46403
002885,30208
002886,45169
002887,590
002888,39321
002889,36740
002890,13217
002892,25376
002893,47015
002895,44415
002896,23457
002897,50651
002898,2218
002899,4338
002900,25278
002901,33439
002902,47263
002903,35296
002905,36140
002906,2569
002907,48281
002908,20341
002909,30483
002910,8175
002911,3523
002912,50827
002913,26458
002915,24941
002916,9130
002917,30983
002918,6069
002919,6465
002920,50785
002921,34599
002922,42523
002923,23260
002925,18783
002926,42978
002927,2651
002928,8073
002929,47395
002930,22062
002931,38224
002932,13399
002933,43655
002935,44059
002936,3114
002937,20736
002938,2427
002939,36332
002940,10124
002941,53007
002942,40299
002943,9857
002945,11641
002946,18698
002947,4066
002948,42783
002949,16514
002950,43112
002951,5490
002952,26947
002953,30853
002955,35872
002956,12666
002957,16390
002958,13319
002959,43052
002960,53311
002961,26678
002962,39035
002963,865
002965,26025
002966,17344
002967,3999
002968,6900
002969,50499
003816,41314
300001,10198
300002,7646
300003,17752
300004,46426
300005,16300
300006,42756
300007,42073
300008,10867
300009,33061
300010,33673
300011,49609
300012,19995
300013,11126
300014,46285
300015,30443
300016,15811
300017,31641
300018,52734
300019,42725
300020,41330
300021,53091
300022,20563
300023,3753
300024,9497
300025,31693
300026,1374
300027,12504
300029,43626
300030,3763
300031,12604
300032,14013
300033,47194
300034,18373
300035,9538
300036,52848
300037,28121
300038,33341
300039,36948
300040,3066
300041,32176
300042,35800
300043,21652
300044,51457
300045,41432
300046,47862
300047,13158
300048,14020
300049,45413
300050,45416
300051,43648
300052,22266
300053,34606
300054,42800
300055,45938
300056,31408
300057,7158
300058,24339
300059,41955
300061,26694
300062,7944
300064,30444
300065,34720
300066,16057
300067,31313
300068,36035
300069,10021
300070,43601
300071,28015
300072,28254
300073,31887
300074,11878
300075,40198
300076,28700
300077,30910
300078,11785
300079,5845
300080,33472
300081,10266
300082,51769
300083,49267
300084,42608
300085,11956
300086,34681
300087,48317
300088,30075
300089,25248
300090,43894
300091,12570
300092,41668
300094,29311
300095,34901
300096,49707
300098,42834
300099,38809
300100,51418
300101,19382
300102,7756
300103,42248
300105,8502
300106,4973
300107,27711
300108,36687
300109,51153
300110,26874
300111,37905
300112,48027
300113,27929
300114,13528
300115,20371
300116,34449
300117,33837
300118,17510
300119,26245
300120,40975
300121,39499
300122,23068
300123,23926
300124,49035
300125,16077
300126,29085
300127,49524
300128,38301
300129,26555
300130,7277
300131,47144
300132,28193
300133,10494
300134,37026
300135,35364
300136,29941
300137,53836
300138,45859
300139,6438
300140,42042
300141,28493
300142,7009
300143,6642
300144,18229
300145,7049
300146,39104
300147,19
300148,29753
300149,39149
300150,46354
300151,16541
300152,51480
300153,22031
300154,25139
300155,45735
300156,14406
300157,26111
300158,51141
300159,12589
300160,41809
300161,25056
300162,39595
300163,30437
300164,5283
300165,25516
300166,54028
300167,22205
300168,662
300169,37128
300170,30680
300171,39061
300172,2664
300173,13475
300174,12176
300175,28376
300176,24409
300177,19521
300178,41980
300179,53617
300180,28184
300181,9613
300182,18280
300183,40470
300184,43558
300185,13461
300187,24356
300188,46701
300189,12170
300190,5574
300191,5305
300192,17028
300193,24442
300194,48437
300195,44828
300196,41884
300197,5049
300198,40076
300199,52039
300200,15271
300201,32440
300202,28068
300203,51408
300204,24439
300205,53056
300206,33570
300207,19390
300208,12478
300209,37938
300210,25979
300211,26662
300212,22150
300213,28001
300214,15244
300215,51388
300217,15415
300218,39789
300219,40716
300220,51279
300221,20152
300222,29605
300223,5384
300224,4396
300225,23379
300226,34262
300227,2413
300228,33494
300229,3325
300230,3984
300231,45506
300232,35568
300233,40535
300234,33274
300235,10409
300236,19084
300237,33942
300238,12225
300239,169
300240,27039
300241,36852
300242,4016
300243,3425
300244,23756
300245,43470
300246,43804
300247,51638
300248,19804
300249,33645
300250,18711
300251,15119
300252,35641
300253,40264
300254,24554
300255,43862
300256,46011
300257,37719
300258,23055
300259,40516
300260,39076
300261,36587
300262,2750
300263,30088
300264,51468
300265,6934
300266,47556
300267,8087
300268,14968
300269,30187
300270,9015
300271,1325
300272,45329
300273,11141
300274,17807
300275,36372
300276,49195
300277,11389
300278,50813
300279,18983
300280,3338
300281,22257
300282,30838
300283,5163
300284,21280
300285,3476
300286,9204
300287,21741
300288,12539
300289,36495
300290,7459
300291,5810
300292,7914
300293,41526
300294,37252
300295,48020
300296,21778
300297,11842
300298,14427
300299,52534
300300,37285
300301,48120
300302,23596
300303,7865
300304,21246
300305,11683
300306,8996
300307,45565
300308,20636
300309,3276
300310,32888
300311,970
300312,35265
300313,14407
300314,3014
300315,36686
300316,42604
300317,16598
300318,53431
300319,44951
300320,20504
300321,45945
300322,28323
300323,27443
300324,41120
300325,38450
300326,33733
300327,20156
300328,11474
300329,44700
300330,39133
300331,41804
300332,3029
300333,13207
300334,33798
300335,30382
300336,6700
300337,16093
300338,20336
300339,18915
300340,32692
300341,17505
300342,28721
300343,2735
300344,29569
300345,24888
300346,22211
300347,49310
300348,29464
300349,18414
300350,35528
300351,52101
300352,21281
300353,50368
300354,10132
300355,29093
300356,29876
300357,11274
300358,48718
300359,7911
300360,28617
300362,5539
300363,30402
300364,20280
300365,33996
300366,26624
300367,26550
300368,50166
300369,9474
300370,48106
300371,17672
300373,39529
300374,39751
300375,33282
300376,6293
300377,28212
300378,36414
300379,18839
300380,47946
300381,46494
300382,10823
300383,35351
300384,12678
300385,5839
300386,22940
300387,22191
300388,11349
300389,8853
300390,43367
300391,47985
300392,47842
300393,41816
300394,12758
300395,35619
300396,47779
300398,27520
300399,13373
300400,52975
300401,49749
300402,41338
300403,37376
300404,22521
300405,31054
300406,29548
300407,41763
300408,46897
300409,15020
300410,18826
300411,17378
300412,48566
300413,39142
300415,16182
300416,44314
300417,14091
300418,40343
300419,23801
300420,25118
300421,35511
300422,7989
300423,47719
300424,42766
300425,297
300426,28186
300427,37624
300428,37404
300429,12510
300430,45470
300431,51722
300432,29247
300433,21237
300434,11691
300435,19115
300436,2221
300437,31729
300438,28346
300439,6088
300440,47351
300441,20499
300442,31544
300443,20076
300444,15753
300445,22578
300446,45581
300447,36309
300448,53612
300449,27679
300451,45731
300452,27008
300453,25949
300454,5077
300455,464
300456,5396
300457,45012
300458,4266
300459,19411
300460,35224
300461,15125
300462,18610
300463,7011
300464,11986
300465,30612
300466,7119
300467,33730
300468,48059
300469,10684
300470,31805
300471,3855
300472,20480
300473,36013
300474,34712
300475,28704
300476,34196
300477,31895
300478,29278
300479,44997
300480,53381
300481,3688
300482,54278
300483,28101
300484,14042
300485,31577
300486,48476
300488,46837
300489,7361
300490,10199
300491,31770
300492,11769
300493,49724
300494,45739
300495,20285
300496,16367
300497,42163
300498,39791
300499,1485
300500,33930
300501,23213
300502,16780
300503,52329
300504,17291
300505,51554
300506,27393
300507,17153
300508,35002
300509,52746
300510,20203
300511,35847
300512,40459
300513,44676
300514,45679
300515,11320
300516,52315
300517,36259
300518,31217
300519,6425
300520,8951
300521,38259
300522,31130
300523,35344
300525,30113
300526,13588
300527,48466
300528,36391
300529,22447
300530,47713
300531,15619
300532,15635
300533,39820
300534,8104
300535,34209
300536,52863
300537,23256
300538,12273
300539,31261
300540,6886
300541,7804
300542,10615
300543,44476
300545,5387
300546,1226
300547,3629
300548,50136
300549,42517
300550,41648
300551,47236
300552,17224
300553,13404
300554,19242
300555,27476
300556,45037
300557,48823
300558,4731
300559,41010
300560,25581
300561,20723
300562,20338
300563,42215
300564,16532
300565,45115
300566,36848
300567,23472
300568,786
300569,41784
300570,50650
300571,5152
300572,29076
300573,14496
300575,53278
300576,3140
300577,33969
300578,37102
300579,28484
300580,44642
300581,29353
300582,44513
300583,36913
300584,43245
300585,41538
300586,28102
300587,41059
300588,31672
300589,35392
300590,20585
300591,5541
300592,49307
300593,38530
300594,42065
300595,43408
300596,35680
300597,51798
300598,31301
300599,26581
300600,47551
300601,614
300602,9505
300603,36865
300604,28570
300605,51735
300606,19867
300607,409
300608,1191
300609,6128
300610,50542
300611,9097
300612,32512
300613,13891
300615,1547
300616,44788
300617,30465
300618,17928
300619,44187
300620,4433
300621,21849
300622,26282
300623,53421
300624,53019
300625,35054
300626,31388
300627,45690
300628,9801
300629,43763
300630,26751
300631,43120
300632,26326
300633,46228
300634,21563
300635,9534
300636,23320
300637,52693
300638,47085
300639,7678
300640,2058
300641,5391
300642,38927
300643,9346
300644,27674
300645,53540
300647,48126
300648,47893
300649,47554
300650,17599
300651,50877
300652,2818
300653,44441
300654,39568
300655,21950
300656,52562
300657,301
300658,3570
300659,23987
300660,13288
300661,51775
300662,2174
300663,20094
300664,13927
300665,50560
300666,33210
300667,11035
300668,40369
300669,29542
300670,20229
300671,4506
300672,20568
300673,32990
300674,27037
300675,17046
300676,19897
300677,11256
300678,16413
300679,15000
300680,18600
300681,28320
300682,24938
300683,26772
300684,52886
300685,27910
300686,44718
300687,44103
300688,24371
300689,41251
300690,45021
300691,8292
300692,37391
300693,41086
300694,18001
300695,822
300696,4917
300697,28610
300698,34432
300699,34338
300700,13610
300701,53290
300702,14829
300703,50271
300705,45275
300706,28066
300707,30223
300708,18832
300709,45011
300710,44353
300711,17646
300712,45947
300713,49634
300715,48770
300716,18354
300717,44085
300718,29767
300719,28657
300720,29111
300721,16243
300722,19422
300723,52494
300724,46263
300725,20926
300726,29204
300727,47206
300729,33548
300730,34109
300731,24433
300732,38949
300733,18018
300735,15011
300736,18870
300737,21118
300738,44148
300739,27549
300740,1445
300741,771
300742,24683
300743,46698
300745,7114
300746,45048
300747,27447
300748,41135
300749,46877
300750,21845
300751,42584
300752,37104
300753,10813
300755,24502
300756,3385
300757,27054
300758,13439
300759,2122
300760,35153
300761,10682
300762,5757
300763,16633
300765,45558
300766,20712
300767,21090
300768,23160
300769,10055
300770,11644
300771,27280
300772,54122
300773,28472
300776,9785
300777,6786
300778,5380
300779,1136
300780,53824
300781,22509
300782,42061
300783,5895
300785,23848
300786,2371
300787,32092
300788,5593
300789,39410
300790,33779
300791,33478
300792,30525
300793,51300
300795,48364
300796,12410
300797,3625
300798,37441
300799,42521
300800,13039
300801,42379
300802,8954
300803,13975
300805,50126
300806,7489
300808,308
430142,19433
430198,30374
430223,28512
430229,14080
430372,19877
430447,26091
430515,49646
430532,52236
430539,6736
600000,24545
600004,52979
600006,4466
600007,2453
600008,37353
600009,47119
600010,23027
600011,49447
600012,14072
600015,3088
600016,7348
600017,22234
600018,35055
600019,22466
600020,27926
600021,8218
600022,11128
600023,20258
600025,170
600026,12739
600027,21305
600028,11645
600029,14077
600030,13152
600031,36564
600033,16657
600035,2633
600036,24114
600037,34080
600038,1575
600039,4835
600048,41137
600050,32766
600051,8765
600052,34493
600053,46322
600054,17876
600055,34231
600056,41291
600057,20136
600058,6702
600059,38170
600060,45805
600061,12889
600062,22997
600063,922
600064,26833
600066,16130
600067,34293
600068,3974
600069,41325
600070,22152
600071,39763
600072,11485
600073,20441
600075,14007
600076,29951
600077,44409
600078,19426
600079,31099
600080,5034
600081,29553
600082,38715
600083,30156
600084,27502
600085,38204
600086,26136
600088,29828
600089,31221
600090,49377
600091,3827
600093,10744
600094,2052
600095,32943
600096,8878
600097,9344
600098,24537
600099,45078
600100,26414
600101,22948
600103,9713
600104,37745
600105,2059
600106,4203
600107,31929
600108,23121
600109,52385
600110,13209
600111,53013
600112,9301
600113,37908
600114,11751
600115,1526
600116,9236
600117,53160
600118,38822
600119,18201
600120,4021
600121,7538
600122,46296
600123,17081
600125,45102
600126,25940
600127,3996
600128,38118
600129,31863
600130,29215
600131,27478
600132,707
600133,36663
600135,48645
600136,49656
600137,13331
600138,557
600139,4000
600141,37134
600143,38827
600146,53584
600148,27486
600149,35067
600150,37060
600151,19568
600152,22960
600153,53062
600155,6730
600156,38932
600157,38908
600158,24201
600159,52666
600160,963
600161,5300
600162,53527
600163,49831
600165,2586
600166,29252
600167,4199
600168,2536
600169,48138
600170,12698
600171,14552
600172,12083
600173,14055
600175,38031
600176,8286
600177,30297
600178,10576
600179,22401
600180,46079
600182,20283
600183,1456
600184,53817
600185,42839
600186,43977
600187,43210
600188,13608
600189,52945
600190,47701
600191,38639
600192,13128
600193,2805
600195,28079
600196,5357
600197,38198
600198,26537
600199,50460
600200,17411
600201,32620
600202,29587
600203,54228
600206,44472
600207,17369
600208,33938
600209,36910
600210,26271
600211,36015
600212,47354
600213,29771
600215,42976
600216,47791
600217,33506
600218,4339
600219,11935
600220,14155
600221,550
600222,22715
600223,4420
600225,17813
600226,20967
600227,24135
600228,14603
600229,9462
600230,28801
600231,30484
600232,45894
600233,14341
600234,6012
600235,26648
600236,17944
600237,43622
600238,18926
600239,40875
600241,1745
600242,2813
600243,42115
600246,13994
600247,24662
600248,12041
600249,52529
600250,8649
600251,50698
600252,6962
600255,42720
600256,25108
600257,51174
600258,9728
600259,10213
600260,42526
600261,46235
600262,24073
600265,1296
600266,14130
600267,483
600268,47016
600269,11175
600271,20951
600272,7054
600273,7380
600275,26682
600276,51504
600277,39162
600278,6402
600279,39541
600280,23252
600281,26638
600282,53249
600283,9236
600285,47867
600287,2077
600288,13386
600289,31703
600290,26308
600291,37538
600292,51050
600293,22248
600295,438
600297,25646
600298,46639
600299,3752
600300,6943
600301,13687
600302,14797
600303,39616
600305,51453
600306,17357
600307,28697
600308,41273
600309,529
600310,14389
600311,13211
600312,1018
600313,38517
600315,48311
600316,11339
600317,52830
600318,51939
600319,19132
600320,30435
600321,2478
600322,14837
600323,36146
600325,49610
600326,35342
600327,28845
600328,16843
600329,29918
600330,42139
600331,26620
600332,21847
600333,27300
600335,8202
600336,17454
600337,16114
600338,24774
600339,27411
600340,50003
600343,4582
600345,20657
600346,33247
600348,895
600350,46245
600351,26143
600352,14444
600353,29744
600355,52855
600356,47852
600358,45573
600359,5102
600360,38235
600361,26273
600362,17155
600363,26714
600365,50246
600366,51485
600367,25441
600368,22708
600369,14879
600370,2038
600371,31367
600372,24616
600373,33442
600375,11966
600376,48981
600377,2887
600378,14557
600379,23190
600380,33213
600381,26339
600382,13752
600383,17397
600385,39099
600386,38540
600387,15190
600388,40918
600389,36405
600390,18724
600391,52092
600392,36312
600393,45457
600395,45709
600396,8632
600397,10025
600398,31849
600399,17541
600400,42412
600403,10663
600405,51895
600406,17367
600408,30911
600409,51100
600410,21620
600415,45775
600416,31543
600418,46768
600419,23436
600420,44727
600421,40937
600422,48295
600423,54150
600425,36336
600426,13859
600428,8658
600429,23036
600433,46935
600435,30738
600436,39740
600438,10822
600439,21428
600444,52727
600446,42797
600448,34830
600449,10504
600452,43602
600456,38642
600458,48733
600459,26201
600460,28273
600461,43856
600462,30829
600463,13962
600466,30124
600467,11910
600468,16362
600469,10482
600470,53054
600475,2369
600476,16403
600477,47663
600478,7679
600479,34512
600480,7574
600481,51568
600482,48848
600483,48015
600485,35740
600486,48317
600487,51780
600488,18458
600489,12797
600490,36561
600491,33026
600493,42390
600495,35866
600496,51099
600497,10986
600498,48823
600499,4681
600501,17897
600502,1871
600503,6881
600505,18145
600506,48351
600507,8186
600508,5470
600509,41654
600510,51373
600511,20445
600512,16875
600513,41262
600515,18979
600516,35387
600517,19659
600518,22275
600519,22994
600520,33447
600521,52041
600522,26241
600523,17231
600525,46543
600526,14600
600527,31785
600528,43838
600529,6396
600530,45738
600531,32241
600532,43369
600533,8401
600535,13980
600536,3703
600537,53454
600538,17669
600539,12437
600540,40992
600543,22514
600545,37392
600546,2395
600547,51867
600548,12841
600549,46364
600550,50755
600551,35013
600552,23510
600555,29311
600556,3788
600557,1420
600558,35754
600559,4484
600560,41708
600561,30150
600562,9163
600563,40250
600565,22294
600566,15207
600567,8869
600568,37800
600569,27693
600570,15253
600571,21921
600572,18578
600573,35277
600575,19280
600576,49455
600577,31049
600578,15544
600579,33100
600580,28788
600581,16151
600582,41297
600583,43240
600584,37693
600585,25037
600586,11812
600587,40023
600588,6972
600589,16611
600590,17575
600592,813
600593,54056
600594,12015
600595,536
600596,34842
600597,40440
600598,23414
600599,32517
600600,54006
600601,2594
600602,37437
600603,21729
600604,54215
600605,38229
600606,48623
600608,15055
600609,6108
600611,45738
600612,35448
600614,12352
600615,10239
600616,10942
600617,10745
600618,37960
600619,36868
600620,1161
600621,32514
600622,14883
600623,33342
600624,18675
600626,23005
600628,45622
600629,51935
600630,302
600633,45303
600634,32419
600635,45738
600636,25778
600637,1891
600638,43466
600639,31466
600640,14961
600641,40292
600642,10834
600643,5775
600644,14706
600645,48013
600647,4257
600648,26634
600649,22503
600650,1748
600652,32359
600653,37659
600654,23727
600655,20832
600657,53741
600658,39130
600660,2870
600661,10416
600662,45760
600663,51981
600664,40967
600665,25144
600666,4842
600667,21197
600668,43121
600671,50824
600673,43556
600674,43126
600675,12712
600676,24758
600677,30825
600678,39132
600679,6810
600681,51041
600682,34496
600683,23278
600684,9554
600685,3840
600686,15170
600687,36649
600688,49283
600689,43631
600690,51367
600691,13878
600692,15917
600693,12622
600694,33224
600695,43518
600696,6801
600697,1737
600698,52358
600699,7765
600701,50839
600702,32282
600703,23233
600704,40444
600705,48380
600707,36665
600708,2943
600710,38427
600711,31930
600712,52804
600713,39283
600714,5815
600715,23484
600716,16220
600717,16526
600718,33505
600719,33689
600720,8848
600721,34514
600723,23751
600724,44801
600725,30440
600726,21484
600727,30995
600728,45063
600729,53293
600730,15968
600731,24399
600732,9084
600733,21806
600734,39986
600735,16542
600736,4348
600737,30860
600738,5933
600739,42247
600740,33383
600741,37745
600742,34960
600743,33958
600744,12075
600745,12583
600746,33118
600747,24767
600748,8070
600749,43783
600750,2051
600751,49595
600753,8702
600754,11296
600755,44968
600756,12628
600757,20360
600758,15394
600759,18089
600760,4560
600761,35139
600763,11779
600764,41994
600765,4592
600766,51335
600767,40592
600768,40092
600769,6894
600770,22325
600771,1860
600773,28511
600774,14741
600775,8696
600776,42157
600777,39437
600778,20160
600779,43066
600780,17271
600781,43271
600782,15044
600783,6543
600784,20843
600785,12962
600787,40173
600789,33486
600790,22137
600791,23369
600792,16152
600793,5861
600794,41519
600795,29988
600796,16851
600797,38218
600798,42224
600800,38750
600801,13542
600802,21356
600803,47120
600804,4862
600805,53614
600807,37502
600808,8364
600809,3119
600810,46538
600811,9122
600812,44404
600814,39925
600815,5921
600816,15729
600817,52095
600818,36589
600819,28149
600820,11021
600821,38046
600822,21151
600823,31673
600824,27914
600825,43094
600826,48050
600827,3153
600828,21507
600829,25419
600830,33014
600831,47394
600833,48386
600834,25551
600835,52728
600836,22796
600837,29432
600838,53917
600839,9265
600841,31224
600843,187
600844,22586
600845,17061
600846,41607
600847,31342
600848,14212
600850,49664
600851,16612
600853,47797
600854,12108
600855,4146
600856,44237
600857,27139
600858,31343
600859,12748
600860,31917
600861,54058
600862,36118
600863,40643
600864,53165
600865,27895
600866,12124
600867,11002
600868,50082
600869,13564
600870,7717
600871,2901
600872,32842
600873,32696
600874,1119
600875,52747
600876,42729
600877,49261
600879,52386
600880,4855
600881,19770
600882,51971
600883,4810
600884,34582
600885,23951
600886,5820
600887,2696
600888,37580
600889,46633
600890,14675
600891,53583
600892,21695
600893,44246
600894,50187
600895,21742
600896,50684
600897,1282
600898,45609
600900,36760
600901,34627
600903,21780
600908,26077
600909,37373
600917,33204
600919,49433
600926,13116
600929,24802
600933,50188
600936,24430
600939,42457
600958,49538
600959,746
600960,44100
600961,6963
600962,24220
600963,12624
600965,32710
600966,5117
600967,948
600968,43401
600969,41546
600970,20598
600971,18498
600973,11257
600975,18754
600976,48295
600977,13045
600978,40591
600979,39912
600980,31887
600981,30314
600982,5055
600983,3817
600984,3789
600985,21929
600986,52553
600987,30500
600988,48090
600989,36114
600990,43253
600992,50679
600993,1338
600995,43566
600996,24188
600997,4289
600998,17151
600999,11504
601000,49058
601001,34914
601002,37402
601003,50535
601005,19275
601006,52708
601007,10191
601008,25025
601009,54092
601010,33588
601011,7316
601012,41762
601015,50098
601016,31657
601018,10248
601019,24232
601020,47706
601021,42886
601028,31384
601038,29402
601058,3527
601066,8251
601068,42506
601069,31879
601077,39491
601086,23218
601088,36379
601098,42074
601099,34130
601100,45252
601101,51736
601107,45550
601108,8558
601111,21631
601113,6360
601116,38562
601117,50218
601118,29279
601126,24884
601127,28504
601128,43073
601137,37229
601138,39561
601139,41735
601155,31097
601158,22313
601162,11581
601163,19064
601166,850
601168,2229
601169,11436
601177,6264
601179,21657
601186,20082
601188,27717
601198,37524
601199,52499
601200,12363
601208,23838
601211,38887
601212,31811
601216,26641
601218,36655
601222,31083
601225,38774
601226,21645
601228,12634
601229,52505
601231,6975
601233,15616
601236,22241
601238,26645
601258,18958
601288,13795
601298,23186
601311,4624
601318,48527
601326,31190
601328,51628
601330,39493
601333,52987
601336,32896
601339,12887
601360,3473
601366,38289
601368,31092
601369,31792
601375,44730
601377,39265
601388,52859
601390,31731
601398,39029
601500,38806
601515,47136
601518,3904
601519,15225
601555,23384
601558,52180
601566,42966
601567,20095
601577,34374
601579,9818
601588,46327
601595,26286
601598,24450
601599,6691
601600,35954
601601,12424
601606,31912
601607,36988
601608,13853
601611,7465
601615,16349
601616,3697
601618,4183
601619,26377
601628,26938
601633,29456
601636,22242
601666,39703
601668,6618
601669,33157
601677,1629
601678,789
601688,5177
601698,35937
601699,20432
601717,52512
601718,4325
601727,44391
601766,36605
601777,12566
601788,54052
601789,43159
601798,45178
601799,35780
601800,5516
601801,52326
601808,47073
601811,3477
601818,27973
601828,32543
601838,29990
601857,5903
601858,33807
601860,41903
601865,20509
601866,12283
601869,1332
601872,18071
601877,43976
601878,48152
601880,24864
601881,23959
601882,10150
601886,46588
601888,33755
601890,25661
601898,31376
601899,6668
601900,24015
601901,31799
601908,50159
601916,20677
601918,24056
601919,13470
601928,16214
601929,34546
601933,14321
601939,854
601949,3389
601952,50362
601958,29967
601965,21605
601966,38571
601968,12382
601969,8849
601975,8099
601985,41506
601988,36045
601989,21196
601990,52668
601991,36656
601992,24443
601996,20176
601997,42939
601998,53067
601999,51700
603000,7289
603001,47439
603002,19642
603003,29522
603005,21680
603006,30474
603007,40528
603008,15700
603009,21035
603010,24530
603011,40185
603012,11889
603013,46415
603015,22486
603016,42246
603017,44552
603018,44838
603019,39245
603020,26975
603021,23940
603022,3947
603023,39715
603025,40105
603026,38144
603027,32469
603028,14922
603029,52200
603030,30119
603031,39079
603032,1960
603033,33172
603035,20777
603036,17770
603037,10713
603038,51712
603039,45881
603040,53392
603041,38330
603042,13592
603043,31994
603045,20560
603050,28796
603055,21225
603056,34589
603058,1013
603059,54281
603060,13236
603063,3754
603066,48314
603067,25200
603068,36385
603069,21599
603076,9998
603077,18812
603078,34233
603079,27112
603080,6118
603081,36515
603083,43875
603085,11640
603086,10426
603088,10918
603089,41917
603090,31125
603093,6215
603096,35105
603098,36238
603099,50506
603100,54166
603101,21911
603103,16318
603105,8700
603106,28470
603108,40692
603110,20060
603111,51875
603113,1679
603115,1395
603116,35292
603117,14832
603118,4027
603121,24828
603123,29881
603126,51420
603127,50263
603128,25217
603129,39836
603131,9370
603133,5766
603136,2658
603138,20933
603139,316
603156,18342
603157,27183
603158,33311
603159,38091
603160,2213
603161,3654
603165,5245
603166,9136
603167,30190
603168,5331
603169,2654
603177,46273
603178,42658
603179,12551
603180,34225
603181,44974
603183,36766
603185,15071
603186,2782
603187,2527
603188,6804
603189,28864
603192,37356
603196,7161
603197,25125
603198,7790
603199,19396
603200,16337
603203,34700
603208,43385
603214,11253
603217,7184
603218,17380
603220,40654
603222,29297
603223,9813
603225,713
603226,17862
603227,45171
603228,48
603229,21270
603232,46620
603233,43782
603236,35956
603238,10033
603239,51527
603256,32189
603258,24853
603259,29917
603260,17836
603266,5643
603267,44407
603268,38864
603269,26098
603277,21063
603278,43429
603279,49905
603283,13268
603286,53677
603288,25135
603289,42317
603297,22956
603298,26855
603299,38650
603300,40978
603301,45377
603303,35205
603305,20417
603306,48004
603308,24927
603309,675
603311,31761
603313,10657
603315,33181
603316,2538
603317,6276
603318,3730
603319,24472
603320,26821
603321,26995
603322,22750
603323,23711
603326,2437
603327,20549
603328,20257
603329,1144
603330,6933
603331,11184
603332,39823
603333,44667
603335,47726
603336,5679
603337,48950
603338,47453
603339,34439
603345,35287
603348,17526
603351,26362
603355,46112
603356,44001
603357,44641
603358,463
603359,192
603360,18768
603363,6319
603365,34999
603366,19469
603367,26771
603368,45975
603369,15819
603377,9334
603378,41099
603379,14434
603380,9584
603383,15224
603385,6765
603386,23590
603387,24163
603388,42466
603389,15391
603390,48209
603393,42628
603396,42853
603398,46822
603399,1143
603416,52365
603421,11587
603429,36987
603444,40161
603456,52437
603458,51686
603466,15335
603477,17413
603486,44035
603488,12272
603489,22142
603496,18211
603499,8820
603500,34336
603501,5990
603505,39725
603506,7129
603507,5894
603508,8858
603515,1320
603516,24660
603517,35744
603518,22943
603519,1480
603520,16259
603527,50662
603528,882
603530,20612
603533,37957
603535,16537
603536,36224
603538,15199
603555,17932
603556,52438
603557,36283
603558,47214
603559,40672
603566,51470
603567,18151
603568,53649
603569,43858
603577,38040
603578,17717
603579,53939
603580,27987
603583,38709
603585,42118
603586,457
603587,21979
603588,38775
603589,31885
603590,43924
603595,9213
603596,28869
603598,37146
603599,30547
603600,6977
603601,33010
603602,39881
603603,45329
603605,17353
603606,29223
603607,5284
603608,5914
603609,26716
603610,4502
603611,34323
603612,51819
603613,12107
603615,35880
603616,8864
603617,40163
603618,23689
603619,2784
603626,28007
603628,1410
603629,14899
603630,26065
603633,11949
603636,1517
603637,14839
603638,43363
603639,17794
603648,49843
603650,48019
603655,15028
603656,43691
603657,17173
603658,17148
603659,16195
603660,13452
603661,31214
603662,46239
603663,10996
603665,2681
603666,16229
603667,18446
603668,9867
603669,30181
603676,41407
603677,12788
603678,23836
603679,52109
603680,29979
603681,49172
603683,5035
603685,39289
603686,40367
603687,29144
603688,7825
603689,2347
603690,40100
603693,22505
603696,50034
603697,41125
603698,42109
603699,3085
603700,14985
603701,31932
603703,23807
603706,44793
603707,15155
603708,31256
603709,2703
603711,15675
603712,42770
603713,49957
603716,9872
603717,45689
603718,52345
603721,11486
603722,35688
603725,46946
603726,1314
603727,17693
603728,23306
603729,15038
603730,46612
603733,26097
603737,31380
603738,20361
603739,23428
603755,29896
603757,46482
603766,18411
603767,16079
603768,51200
603773,19294
603776,33405
603777,31576
603778,30380
603779,12355
603786,5455
603787,54069
603788,54177
603789,30165
603790,11914
603797,36100
603798,15640
603799,10143
603800,39785
603801,33068
603803,16538
603806,14846
603808,5926
603809,48371
603810,50002
603811,36624
603813,17854
603815,52791
603816,23030
603817,23047
603818,34157
603819,53015
603822,27007
603823,17469
603825,41151
603826,51503
603828,27083
603829,10637
603833,12540
603838,32897
603839,37343
603843,41109
603848,30213
603855,53621
603856,33168
603858,25774
603859,39630
603860,52897
603861,17326
603863,24534
603866,2320
603867,19971
603868,17916
603869,8684
603871,9990
603876,42573
603877,30905
603878,49789
603879,48264
603880,29375
603881,54215
603882,877
603883,1849
603885,5775
603886,34680
603887,34861
603888,32506
603889,31893
603890,37294
603895,31080
603896,31853
603897,39537
603898,30213
603899,45376
603900,23548
603901,1724
603903,41930
603906,49944
603908,39317
603909,11827
603912,12042
603915,29315
603916,45458
603917,47887
603918,34898
603919,4755
603920,14569
603922,17122
603926,50199
603927,36615
603928,7896
603929,39907
603933,53397
603936,5182
603937,26621
603938,28004
603939,44905
603955,53780
603956,13871
603958,969
603959,15865
603960,18998
603963,40566
603966,20391
603967,43331
603968,2611
603969,34959
603970,21866
603976,20502
603977,42772
603978,14821
603979,5882
603980,11327
603982,20803
603983,14966
603985,53017
603986,22195
603987,1880
603988,7773
603989,47385
603990,24559
603991,31375
603992,1987
603993,2655
603996,28215
603997,21311
603998,27701
603999,24936
688001,24196
688002,51564
688003,40639
688005,52911
688006,30103
688007,35774
688008,3347
688009,22176
688010,6766
688011,30194
688012,34631
688015,30598
688016,25573
688018,50769
688019,53203
688020,5224
688021,33368
688022,4304
688025,51205
688028,36635
688029,45411
688030,38283
688033,6626
688036,30725
688058,28160
688066,6547
688068,48523
688088,37729
688098,7598
688099,25900
688101,2862
688108,1286
688111,41422
688116,51467
688122,18554
688128,18033
688138,11161
688139,6642
688166,22683
688168,50764
688188,3269
688196,40555
688199,51741
688202,43505
688288,11317
688299,5223
688300,17908
688310,13699
688321,28498
688358,28156
688363,13711
688366,19143
688368,33834
688369,12569
688388,35391
688389,38624
830799,44349
830809,47526
831063,26786
831102,37084
831173,43536
831213,8451
831274,36536
831406,15964
831475,9814
831856,18667
831895,22374
831971,37476
832003,50690
832238,27899
832255,2797
832283,45511
832388,2277
832491,16444
832709,16257
832861,37828
833047,26257
833137,27989
833629,37904
833645,21936
833831,6278
834021,10861
834195,52563
834316,41165
834765,19716
834779,37686
835147,36645
836019,51186
836099,34131
837069,15237
838966,39151
838982,38157
872521,52305
